,/data/provider/renet/2017-09-29/19/71-291_2017-09-29_20-54-49_59ce26796ff9d.xml
18890015,/data/provider/renet/2017-09-29/11/627_2017-09-29_12-53-06_59cdb592194be.xml
8750133,/data/provider/renet/2017-09-25/15/627_2017-09-25_16-53-11_59c8a7d761306.xml
18949545,/data/provider/renet/2017-09-28/07/615-180_2017-09-28_08-54-28_59cc2c2414183.xml
18731335,/data/provider/renet/2017-09-27/15/10014772_2017-09-27_16-55-34_59cb4b66b86cb.xml
17929845,/data/provider/renet/2017-09-12/15/3965_2017-09-12_16-54-42_59b784b293765.xml
10648873,/data/provider/renet/2017-09-22/15/10019903_2017-09-22_17-01-02_59c4b52ed0af8.xml
18532415,/data/provider/renet/2017-09-22/03/1026_2017-09-22_04-53-08_59c40a94c2a99.xml
15574305,/data/provider/renet/2017-09-28/03/2085_2017-09-28_04-53-04_59cbf39030f53.xml
15535215,/data/provider/renet/2017-09-29/15/627_2017-09-29_16-53-06_59cdedd2df48a.xml
4251732,/data/provider/renet/2017-09-13/15/1026_2017-09-13_16-54-38_59b8d62e74e1c.xml
15084755,/data/provider/renet/2017-09-29/11/7042_2017-09-29_12-54-47_59cdb5f7e5918.xml
18701125,/data/provider/renet/2017-09-27/15/1026_2017-09-27_16-54-21_59cb4b1db1e99.xml
8254823,/data/provider/renet/2017-09-22/15/10019903_2017-09-22_17-01-02_59c4b52ed0af8.xml
18245535,/data/provider/renet/2017-09-25/15/71-333_2017-09-25_16-57-29_59c8a8d9467cd.xml
18994965,/data/provider/renet/2017-09-29/15/71-336_2017-09-29_16-56-53_59cdeeb5ab02f.xml
18310865,/data/provider/renet/2017-09-28/11/1026_2017-09-28_12-54-16_59cc645837091.xml
14485025,/data/provider/renet/2017-09-18/11/1026_2017-09-18_12-54-46_59bf3576c44f3.xml
10516033,/data/provider/renet/2017-09-27/11/627_2017-09-27_12-53-11_59cb12971e149.xml
18622585,/data/provider/renet/2017-09-21/15/71-212_2017-09-21_16-55-18_59c362568a341.xml
16022885,/data/provider/renet/2017-09-25/15/1026_2017-09-25_16-55-23_59c8a85bbfc3c.xml
18566455,/data/provider/renet/2017-09-27/07/10011322_2017-09-27_08-54-46_59cadab61d640.xml
13642245,/data/provider/renet/2017-09-13/15/1026_2017-09-13_16-54-38_59b8d62e74e1c.xml
17949985,/data/provider/renet/2017-09-27/23/71-336_2017-09-28_00-54-19_59cbbb9b2a325.xml
18919355,/data/provider/renet/2017-09-27/15/71-333_2017-09-27_16-55-32_59cb4b64864f5.xml
4046402,/data/provider/renet/2017-09-29/11/627_2017-09-29_12-53-06_59cdb592194be.xml
18320125,/data/provider/renet/2017-09-23/11/627_2017-09-23_12-53-05_59c5cc91f265a.xml
18456545,/data/provider/renet/2017-09-29/11/71-316_2017-09-29_12-56-22_59cdb6564add1.xml
17709935,/data/provider/renet/2017-09-29/15/71-212_2017-09-29_16-54-24_59cdee20662c1.xml
17258505,/data/provider/renet/2017-09-29/11/1026_2017-09-29_12-54-05_59cdb5cdae2aa.xml
13494115,/data/provider/renet/2017-09-21/07/10016383_2017-09-21_08-54-37_59c2f1ad3cc3f.xml
9172903,/data/provider/renet/2017-09-25/07/1026_2017-09-25_08-53-57_59c83785cd2d1.xml
18106715,/data/provider/renet/2017-09-12/07/10011532_2017-09-12_08-54-28_59b71424eb9f8.xml
18738445,/data/provider/renet/2017-09-20/11/627_2017-09-20_12-53-12_59c1d81884266.xml
7806763,/data/provider/renet/2017-09-26/15/1026_2017-09-26_16-54-32_59c9f9a864019.xml
17526185,/data/provider/renet/2017-09-27/11/627_2017-09-27_12-53-11_59cb12971e149.xml
10569953,/data/provider/renet/2017-09-26/11/627_2017-09-26_12-53-10_59c9c11670a8e.xml
17274755,/data/provider/renet/2017-09-15/15/1026_2017-09-15_16-54-21_59bb791dedd46.xml
4603852,/data/provider/renet/2017-09-29/19/1026_2017-09-29_20-53-49_59ce263d49516.xml
9747123,/data/provider/renet/2017-09-26/15/10016503_2017-09-26_16-56-26_59c9fa1a6288c.xml
18626935,/data/provider/renet/2017-09-16/11/1026_2017-09-16_12-54-27_59bc9263c4586.xml
18764375,/data/provider/renet/2017-09-21/11/1026_2017-09-21_12-54-29_59c329e5a292e.xml
18625875,/data/provider/renet/2017-09-27/11/1026_2017-09-27_12-54-18_59cb12da26c31.xml
18406275,/data/provider/renet/2017-09-29/15/71-334_2017-09-29_16-55-30_59cdee625482b.xml
6111602,/data/provider/renet/2017-09-27/15/1026_2017-09-27_16-54-21_59cb4b1db1e99.xml
9128783,/data/provider/renet/2017-09-16/11/1026_2017-09-16_12-54-27_59bc9263c4586.xml
18881975,/data/provider/renet/2017-09-27/15/627_2017-09-27_16-53-07_59cb4ad3e662e.xml
10738003,/data/provider/renet/2017-09-26/15/1026_2017-09-26_16-54-32_59c9f9a864019.xml
18059915,/data/provider/renet/2017-09-29/23/627_2017-09-30_00-53-02_59ce5e4e2a76c.xml
15411305,/data/provider/renet/2017-09-25/07/1026_2017-09-25_08-53-57_59c83785cd2d1.xml
18586025,/data/provider/renet/2017-09-14/15/627_2017-09-14_16-53-12_59ba27585e532.xml
12446803,/data/provider/renet/2017-09-26/11/10014772_2017-09-26_12-56-33_59c9c1e135e06.xml
11641383,/data/provider/renet/2017-09-20/11/627_2017-09-20_12-53-12_59c1d81884266.xml
19003795,/data/provider/renet/2017-09-29/11/627_2017-09-29_12-53-06_59cdb592194be.xml
7811733,/data/provider/renet/2017-09-25/11/1026_2017-09-25_12-55-10_59c8700eccc18.xml
11799643,/data/provider/renet/2017-09-26/15/1026_2017-09-26_16-54-32_59c9f9a864019.xml
18708205,/data/provider/renet/2017-09-28/19/1026_2017-09-28_20-53-49_59ccd4bdaf87a.xml
18586065,/data/provider/renet/2017-09-21/11/627_2017-09-21_12-53-12_59c329980d457.xml
250520,/data/provider/renet/2017-09-12/11/1026_2017-09-12_12-54-33_59b74c6949466.xml
12037883,/data/provider/renet/2017-09-21/15/10016453_2017-09-21_16-57-31_59c362dbd49e6.xml
18186605,/data/provider/renet/2017-09-29/15/71-212_2017-09-29_16-54-24_59cdee20662c1.xml
17578445,/data/provider/renet/2017-09-13/15/3965_2017-09-13_16-54-47_59b8d637edb91.xml
14687465,/data/provider/renet/2017-09-22/15/10019903_2017-09-22_17-01-02_59c4b52ed0af8.xml
10327563,/data/provider/renet/2017-09-25/07/1026_2017-09-25_08-53-57_59c83785cd2d1.xml
14649435,/data/provider/renet/2017-09-29/11/10015302_2017-09-29_12-55-28_59cdb620abad2.xml
15356555,/data/provider/renet/2017-09-12/07/1072_2017-09-12_08-53-45_59b713f9d6c67.xml
13821255,/data/provider/renet/2017-09-18/11/627_2017-09-18_12-53-09_59bf351600078.xml
18123805,/data/provider/renet/2017-09-29/15/627_2017-09-29_16-53-06_59cdedd2df48a.xml
18524055,/data/provider/renet/2017-09-26/23/1026_2017-09-27_00-53-47_59ca69fb6a661.xml
19004065,/data/provider/renet/2017-09-27/11/71-333_2017-09-27_12-55-36_59cb1328de2fa.xml
9323003,/data/provider/renet/2017-09-22/15/10019903_2017-09-22_17-01-02_59c4b52ed0af8.xml
250596,/data/provider/renet/2017-09-18/15/1026_2017-09-18_16-54-43_59bf6db3773d6.xml
18984225,/data/provider/renet/2017-09-28/07/10062756_2017-09-28_08-54-49_59cc2c392a53e.xml
13369325,/data/provider/renet/2017-09-11/15/627_2017-09-11_16-53-13_59b632d9bcbdc.xml
18274095,/data/provider/renet/2017-09-14/19/71-333_2017-09-14_20-55-18_59ba60163cce7.xml
11135573,/data/provider/renet/2017-09-25/07/1026_2017-09-25_08-53-57_59c83785cd2d1.xml
12972193,/data/provider/renet/2017-09-22/15/10019903_2017-09-22_17-01-02_59c4b52ed0af8.xml
18327175,/data/provider/renet/2017-09-29/11/627_2017-09-29_12-53-06_59cdb592194be.xml
18467795,/data/provider/renet/2017-09-14/15/71-334_2017-09-14_16-56-28_59ba281c0b26c.xml
18682385,/data/provider/renet/2017-09-20/11/71-333_2017-09-20_12-56-27_59c1d8dbe614e.xml
17270295,/data/provider/renet/2017-09-29/15/627_2017-09-29_16-53-06_59cdedd2df48a.xml
17366835,/data/provider/renet/2017-09-29/11/627_2017-09-29_12-53-06_59cdb592194be.xml
17618425,/data/provider/renet/2017-09-27/19/627_2017-09-27_20-53-03_59cb830f44824.xml
18421465,/data/provider/renet/2017-09-19/11/627_2017-09-19_12-53-09_59c08695bef09.xml
250550,/data/provider/renet/2017-09-27/23/1026_2017-09-28_00-53-32_59cbbb6cf3b14.xml
18985725,/data/provider/renet/2017-09-29/11/71-333_2017-09-29_12-55-19_59cdb61727e2b.xml
17910265,/data/provider/renet/2017-09-30/03/71-328_2017-09-30_04-53-28_59ce96a89cd4e.xml
18516845,/data/provider/renet/2017-09-15/11/71-212_2017-09-15_12-54-48_59bb40f85c040.xml
18038595,/data/provider/renet/2017-09-19/07/10005182_2017-09-19_08-54-28_59c04ea433fcd.xml
18920775,/data/provider/renet/2017-09-18/07/615-173_2017-09-18_08-55-26_59befd5e6220f.xml
16538445,/data/provider/renet/2017-09-26/11/1026_2017-09-26_12-54-37_59c9c16d1d787.xml
8252603,/data/provider/renet/2017-09-25/15/1026_2017-09-25_16-55-23_59c8a85bbfc3c.xml
17430015,/data/provider/renet/2017-09-12/11/627_2017-09-12_12-53-06_59b74c12a8aca.xml
15410595,/data/provider/renet/2017-09-18/11/627_2017-09-18_12-53-09_59bf351600078.xml
18237805,/data/provider/renet/2017-09-12/15/627_2017-09-12_16-53-07_59b78453f3752.xml
18830825,/data/provider/renet/2017-09-27/11/627_2017-09-27_12-53-11_59cb12971e149.xml
18709535,/data/provider/renet/2017-09-24/19/627_2017-09-24_20-53-02_59c78e8ef24b1.xml
10782323,/data/provider/renet/2017-09-26/15/1026_2017-09-26_16-54-32_59c9f9a864019.xml
18804395,/data/provider/renet/2017-09-18/07/71-287_2017-09-18_08-55-13_59befd5107889.xml
16144685,/data/provider/renet/2017-09-11/15/627_2017-09-11_16-53-13_59b632d9bcbdc.xml
11978093,/data/provider/renet/2017-09-23/03/10011412_2017-09-23_04-53-29_59c55c295194e.xml
3882552,/data/provider/renet/2017-09-29/11/627_2017-09-29_12-53-06_59cdb592194be.xml
18887105,/data/provider/renet/2017-09-22/15/10019903_2017-09-22_17-01-02_59c4b52ed0af8.xml
18566525,/data/provider/renet/2017-09-22/15/627_2017-09-22_16-53-20_59c4b360b75ba.xml
15826695,/data/provider/renet/2017-09-14/15/627_2017-09-14_16-53-12_59ba27585e532.xml
8655053,/data/provider/renet/2017-09-22/15/10019903_2017-09-22_17-01-02_59c4b52ed0af8.xml
18889315,/data/provider/renet/2017-09-28/19/1026_2017-09-28_20-53-49_59ccd4bdaf87a.xml
17244925,/data/provider/renet/2017-09-20/11/10011482_2017-09-20_12-57-09_59c1d905712f4.xml
17306075,/data/provider/renet/2017-09-28/11/627_2017-09-28_12-53-08_59cc6414ae1c2.xml
18272395,/data/provider/renet/2017-09-29/15/627_2017-09-29_16-53-06_59cdedd2df48a.xml
16426735,/data/provider/renet/2017-09-25/07/1026_2017-09-25_08-53-57_59c83785cd2d1.xml
18374075,/data/provider/renet/2017-09-22/15/71-287_2017-09-22_17-02-09_59c4b57178829.xml
18521615,/data/provider/renet/2017-09-15/11/71-333_2017-09-15_12-56-25_59bb41597ee1d.xml
16970465,/data/provider/renet/2017-09-25/15/1026_2017-09-25_16-55-23_59c8a85bbfc3c.xml
18945125,/data/provider/renet/2017-09-29/03/71-328_2017-09-29_04-53-20_59cd45204fbba.xml
19008175,/data/provider/renet/2017-09-27/15/1026_2017-09-27_16-54-21_59cb4b1db1e99.xml
10810833,/data/provider/renet/2017-09-22/15/10051276_2017-09-22_17-02-47_59c4b597d00c2.xml
17621435,/data/provider/renet/2017-09-15/07/1026_2017-09-15_08-53-46_59bb087a77059.xml
250627,/data/provider/renet/2017-09-29/11/1026_2017-09-29_12-54-05_59cdb5cdae2aa.xml
15919865,/data/provider/renet/2017-09-16/15/1026_2017-09-16_16-54-22_59bcca9e3facc.xml
18923305,/data/provider/renet/2017-09-28/15/627_2017-09-28_16-53-07_59cc9c530a21a.xml
16400465,/data/provider/renet/2017-09-25/15/1026_2017-09-25_16-55-23_59c8a85bbfc3c.xml
18996535,/data/provider/renet/2017-09-29/15/10015302_2017-09-29_16-55-34_59cdee66504f5.xml
18624665,/data/provider/renet/2017-09-19/15/1026_2017-09-19_16-54-34_59c0bf2a80117.xml
10293683,/data/provider/renet/2017-09-26/19/1026_2017-09-26_20-54-12_59ca31d4e2b63.xml
7566593,/data/provider/renet/2017-09-22/15/627_2017-09-22_16-53-20_59c4b360b75ba.xml
14535465,/data/provider/renet/2017-09-19/11/627_2017-09-19_12-53-09_59c08695bef09.xml
14055675,/data/provider/renet/2017-09-12/15/71-297_2017-09-12_16-57-28_59b78558437be.xml
18159275,/data/provider/renet/2017-09-27/15/627_2017-09-27_16-53-07_59cb4ad3e662e.xml
13847585,/data/provider/renet/2017-09-14/11/627_2017-09-14_12-53-07_59b9ef136ae2a.xml
17227935,/data/provider/renet/2017-09-26/11/627_2017-09-26_12-53-10_59c9c11670a8e.xml
15975435,/data/provider/renet/2017-09-19/11/1026_2017-09-19_12-54-41_59c086f1e77bc.xml
18677645,/data/provider/renet/2017-09-26/19/10015302_2017-09-26_20-55-09_59ca320d08b45.xml
8494973,/data/provider/renet/2017-09-22/15/10019903_2017-09-22_17-01-02_59c4b52ed0af8.xml
18984575,/data/provider/renet/2017-09-29/11/10062756_2017-09-29_12-57-02_59cdb67e5d248.xml
18682685,/data/provider/renet/2017-09-27/07/71-336_2017-09-27_08-55-50_59cadaf633d0b.xml
18628925,/data/provider/renet/2017-09-13/11/10015302_2017-09-13_12-56-30_59b89e5ec5807.xml
11473233,/data/provider/renet/2017-09-26/15/1026_2017-09-26_16-54-32_59c9f9a864019.xml
18876475,/data/provider/renet/2017-09-29/03/627_2017-09-29_04-53-01_59cd450de8f60.xml
14541915,/data/provider/renet/2017-09-19/11/71-333_2017-09-19_12-58-29_59c087d52c462.xml
11469523,/data/provider/renet/2017-09-26/15/1026_2017-09-26_16-54-32_59c9f9a864019.xml
18637455,/data/provider/renet/2017-09-28/19/1026_2017-09-28_20-53-49_59ccd4bdaf87a.xml
18431035,/data/provider/renet/2017-09-18/11/10059405_2017-09-18_12-58-31_59bf3657e876c.xml
16970765,/data/provider/renet/2017-09-17/19/1026_2017-09-17_20-53-50_59be543ef096b.xml
18872105,/data/provider/renet/2017-09-27/23/71-336_2017-09-28_00-54-20_59cbbb9ceb46f.xml
14019115,/data/provider/renet/2017-09-18/07/7587_2017-09-18_08-54-30_59befd26e6aba.xml
18734205,/data/provider/renet/2017-09-28/15/10059405_2017-09-28_16-56-37_59cc9d2554b06.xml
18938315,/data/provider/renet/2017-09-29/19/1026_2017-09-29_20-53-49_59ce263d49516.xml
18067975,/data/provider/renet/2017-09-28/19/10060825_2017-09-28_20-55-46_59ccd53249dd4.xml
18492245,/data/provider/renet/2017-09-28/11/1026_2017-09-28_12-54-16_59cc645837091.xml
18166435,/data/provider/renet/2017-09-18/15/1026_2017-09-18_16-54-43_59bf6db3773d6.xml
17473625,/data/provider/renet/2017-09-13/15/627_2017-09-13_16-53-11_59b8d5d762b34.xml
18492255,/data/provider/renet/2017-09-17/19/1026_2017-09-17_20-53-50_59be543ef096b.xml
12521423,/data/provider/renet/2017-09-13/11/71-212_2017-09-13_12-54-50_59b89dfa19a97.xml
17680185,/data/provider/renet/2017-09-25/23/627_2017-09-26_00-53-02_59c9184e95804.xml
17635035,/data/provider/renet/2017-09-11/15/627_2017-09-11_16-53-13_59b632d9bcbdc.xml
17965405,/data/provider/renet/2017-09-27/07/615-037_2017-09-27_08-55-02_59cadac6f1d29.xml
18283045,/data/provider/renet/2017-09-12/07/71-333_2017-09-12_08-54-26_59b714222c98a.xml
17457905,/data/provider/renet/2017-09-25/15/627_2017-09-25_16-53-11_59c8a7d761306.xml
17320375,/data/provider/renet/2017-09-12/15/627_2017-09-12_16-53-07_59b78453f3752.xml
17950235,/data/provider/renet/2017-09-23/11/627_2017-09-23_12-53-05_59c5cc91f265a.xml
17891645,/data/provider/renet/2017-09-26/11/627_2017-09-26_12-53-10_59c9c11670a8e.xml
16745555,/data/provider/renet/2017-09-12/11/627_2017-09-12_12-53-06_59b74c12a8aca.xml
18945285,/data/provider/renet/2017-09-26/15/1026_2017-09-26_16-54-32_59c9f9a864019.xml
18945215,/data/provider/renet/2017-09-27/15/1026_2017-09-27_16-54-21_59cb4b1db1e99.xml
4632332,/data/provider/renet/2017-09-14/11/627_2017-09-14_12-53-07_59b9ef136ae2a.xml
6355953,/data/provider/renet/2017-09-26/11/627_2017-09-26_12-53-10_59c9c11670a8e.xml
18716335,/data/provider/renet/2017-09-16/07/71-336_2017-09-16_08-54-38_59bc5a2e473ef.xml
16354445,/data/provider/renet/2017-09-18/07/615-014_2017-09-18_08-54-57_59befd4136b2d.xml
18685445,/data/provider/renet/2017-09-29/11/627_2017-09-29_12-53-06_59cdb592194be.xml
16354455,/data/provider/renet/2017-09-18/07/615-014_2017-09-18_08-54-57_59befd4136b2d.xml
6463703,/data/provider/renet/2017-09-14/23/627_2017-09-15_00-53-03_59ba97cf06a7b.xml
18265805,/data/provider/renet/2017-09-14/11/627_2017-09-14_12-53-07_59b9ef136ae2a.xml
15555715,/data/provider/renet/2017-09-25/15/1026_2017-09-25_16-55-23_59c8a85bbfc3c.xml
18674655,/data/provider/renet/2017-09-27/11/627_2017-09-27_12-53-11_59cb12971e149.xml
4382082,/data/provider/renet/2017-09-25/11/1026_2017-09-25_12-55-10_59c8700eccc18.xml
18938475,/data/provider/renet/2017-09-23/11/627_2017-09-23_12-53-05_59c5cc91f265a.xml
18811695,/data/provider/renet/2017-09-18/11/71-212_2017-09-18_12-55-00_59bf35840bdfa.xml
18274295,/data/provider/renet/2017-09-25/15/71-212_2017-09-25_16-55-45_59c8a871cab82.xml
17455675,/data/provider/renet/2017-09-28/11/627_2017-09-28_12-53-08_59cc6414ae1c2.xml
11132863,/data/provider/renet/2017-09-19/15/1026_2017-09-19_16-54-34_59c0bf2a80117.xml
14193865,/data/provider/renet/2017-09-26/15/10015302_2017-09-26_16-56-17_59c9fa11b5e81.xml
16354485,/data/provider/renet/2017-09-18/07/615-014_2017-09-18_08-54-57_59befd4136b2d.xml
18090125,/data/provider/renet/2017-09-12/15/1026_2017-09-12_16-54-33_59b784a99c8c2.xml
17455615,/data/provider/renet/2017-09-26/19/627_2017-09-26_20-53-04_59ca3190403df.xml
18920315,/data/provider/renet/2017-09-28/11/627_2017-09-28_12-53-08_59cc6414ae1c2.xml
18938425,/data/provider/renet/2017-09-30/07/1026_2017-09-30_08-53-40_59cecef48698d.xml
18354045,/data/provider/renet/2017-09-26/15/1026_2017-09-26_16-54-32_59c9f9a864019.xml
16354465,/data/provider/renet/2017-09-18/07/615-014_2017-09-18_08-54-57_59befd4136b2d.xml
13674455,/data/provider/renet/2017-09-25/15/10015302_2017-09-25_16-57-35_59c8a8dfb390f.xml
18876555,/data/provider/renet/2017-09-23/07/71-328_2017-09-23_08-54-59_59c594c34d622.xml
16354475,/data/provider/renet/2017-09-18/07/615-014_2017-09-18_08-54-57_59befd4136b2d.xml
18463585,/data/provider/renet/2017-09-28/19/1026_2017-09-28_20-53-49_59ccd4bdaf87a.xml
8138013,/data/provider/renet/2017-09-25/15/1026_2017-09-25_16-55-23_59c8a85bbfc3c.xml
16810435,/data/provider/renet/2017-09-26/15/10015302_2017-09-26_16-56-15_59c9fa0f20020.xml
15079205,/data/provider/renet/2017-09-25/11/10015302_2017-09-25_12-57-51_59c870af1aecc.xml
15732395,/data/provider/renet/2017-09-12/07/6794_2017-09-12_08-53-59_59b714070c151.xml
18993615,/data/provider/renet/2017-09-30/03/10011412_2017-09-30_04-53-16_59ce969c67c65.xml
14115455,/data/provider/renet/2017-09-18/11/2085_2017-09-18_12-54-28_59bf35645c1b5.xml
13238015,/data/provider/renet/2017-09-12/15/627_2017-09-12_16-53-07_59b78453f3752.xml
18764445,/data/provider/renet/2017-09-16/11/71-328_2017-09-16_12-56-39_59bc92e76698e.xml
10828543,/data/provider/renet/2017-09-23/11/627_2017-09-23_12-53-05_59c5cc91f265a.xml
17132895,/data/provider/renet/2017-09-18/07/2085_2017-09-18_08-53-34_59befcee5b7f7.xml
18626625,/data/provider/renet/2017-09-23/11/1026_2017-09-23_12-54-19_59c5ccdb4fce4.xml
11120463,/data/provider/renet/2017-09-29/07/627_2017-09-29_08-53-03_59cd7d4ff23e9.xml
9045923,/data/provider/renet/2017-09-29/11/1026_2017-09-29_12-54-05_59cdb5cdae2aa.xml
15819625,/data/provider/renet/2017-09-18/15/627_2017-09-18_16-53-09_59bf6d55287e4.xml
17876495,/data/provider/renet/2017-09-12/11/71-328_2017-09-12_12-58-24_59b74d5064a9e.xml
15482315,/data/provider/renet/2017-09-22/15/1026_2017-09-22_16-56-17_59c4b411173dd.xml
4176392,/data/provider/renet/2017-09-19/15/627_2017-09-19_16-53-08_59c0bed4c2cbd.xml
3412502,/data/provider/renet/2017-09-21/19/627_2017-09-21_20-53-05_59c39a119207f.xml
18738655,/data/provider/renet/2017-09-19/07/615-135_2017-09-19_08-54-43_59c04eb386e22.xml
15093755,/data/provider/renet/2017-09-18/15/627_2017-09-18_16-53-09_59bf6d55287e4.xml
18287435,/data/provider/renet/2017-09-28/19/1026_2017-09-28_20-53-49_59ccd4bdaf87a.xml
18583635,/data/provider/renet/2017-09-26/11/10014772_2017-09-26_12-56-33_59c9c1e135e06.xml
8445633,/data/provider/renet/2017-09-26/11/10015302_2017-09-26_12-56-36_59c9c1e427842.xml
18608475,/data/provider/renet/2017-09-26/23/627_2017-09-27_00-53-01_59ca69cded201.xml
16838105,/data/provider/renet/2017-09-20/15/10014772_2017-09-20_16-56-32_59c2112070ed6.xml
18496565,/data/provider/renet/2017-09-28/19/1026_2017-09-28_20-53-49_59ccd4bdaf87a.xml
18529765,/data/provider/renet/2017-09-28/15/627_2017-09-28_16-53-07_59cc9c530a21a.xml
406552,/data/provider/renet/2017-09-14/15/627_2017-09-14_16-53-12_59ba27585e532.xml
17597955,/data/provider/renet/2017-09-20/11/ZZZZZZZZZ_2017-09-20_12-53-08_59c1d8143dff2.xml
18185035,/data/provider/renet/2017-09-21/07/71-334_2017-09-21_08-54-32_59c2f1a8738aa.xml
12554373,/data/provider/renet/2017-09-25/15/1026_2017-09-25_16-55-23_59c8a85bbfc3c.xml
11745003,/data/provider/renet/2017-09-26/11/1026_2017-09-26_12-54-37_59c9c16d1d787.xml
10952843,/data/provider/renet/2017-09-26/11/1026_2017-09-26_12-54-37_59c9c16d1d787.xml
13530915,/data/provider/renet/2017-09-28/19/1026_2017-09-28_20-53-49_59ccd4bdaf87a.xml
18165885,/data/provider/renet/2017-09-28/15/10060825_2017-09-28_16-56-50_59cc9d324d51e.xml
13482015,/data/provider/renet/2017-09-25/11/10016383_2017-09-25_12-57-56_59c870b43d62c.xml
18615175,/data/provider/renet/2017-09-15/11/10015302_2017-09-15_12-56-32_59bb4160263aa.xml
18165875,/data/provider/renet/2017-09-14/11/10060825_2017-09-14_12-58-34_59b9f05aa51a6.xml
18924405,/data/provider/renet/2017-09-27/15/627_2017-09-27_16-53-07_59cb4ad3e662e.xml
17971125,/data/provider/renet/2017-09-25/07/2085_2017-09-25_08-53-10_59c83756e73b4.xml
18910775,/data/provider/renet/2017-09-20/11/627_2017-09-20_12-53-12_59c1d81884266.xml
4167322,/data/provider/renet/2017-09-23/11/627_2017-09-23_12-53-05_59c5cc91f265a.xml
18974495,/data/provider/renet/2017-09-28/07/627_2017-09-28_08-53-06_59cc2bd2a2f4a.xml
18569485,/data/provider/renet/2017-09-13/11/615-164_2017-09-13_12-57-55_59b89eb3b0915.xml
18776235,/data/provider/renet/2017-09-23/07/71-328_2017-09-23_08-54-59_59c594c34d622.xml
14947635,/data/provider/renet/2017-09-11/15/627_2017-09-11_16-53-13_59b632d9bcbdc.xml
7744543,/data/provider/renet/2017-09-20/11/1026_2017-09-20_12-54-37_59c1d86d7c34e.xml
15756835,/data/provider/renet/2017-09-14/11/627_2017-09-14_12-53-07_59b9ef136ae2a.xml
18749885,/data/provider/renet/2017-09-11/15/71-333_2017-09-11_16-56-34_59b633a2ddedb.xml
18305155,/data/provider/renet/2017-09-24/07/71-336_2017-09-24_08-54-30_59c6e626c6e4f.xml
4968922,/data/provider/renet/2017-09-28/11/627_2017-09-28_12-53-08_59cc6414ae1c2.xml
8494783,/data/provider/renet/2017-09-22/15/10019903_2017-09-22_17-01-02_59c4b52ed0af8.xml
13877245,/data/provider/renet/2017-09-12/15/627_2017-09-12_16-53-07_59b78453f3752.xml
16336875,/data/provider/renet/2017-09-18/07/615-014_2017-09-18_08-54-57_59befd4136b2d.xml
9605943,/data/provider/renet/2017-09-22/15/10019903_2017-09-22_17-01-02_59c4b52ed0af8.xml
18159565,/data/provider/renet/2017-09-15/11/1026_2017-09-15_12-54-33_59bb40e9505eb.xml
18939195,/data/provider/renet/2017-09-29/15/627_2017-09-29_16-53-06_59cdedd2df48a.xml
18289735,/data/provider/renet/2017-09-25/15/71-328_2017-09-25_16-59-50_59c8a966211e0.xml
18646965,/data/provider/renet/2017-09-27/15/627_2017-09-27_16-53-07_59cb4ad3e662e.xml
10975623,/data/provider/renet/2017-09-13/15/1026_2017-09-13_16-54-38_59b8d62e74e1c.xml
18945495,/data/provider/renet/2017-09-27/15/615-185_2017-09-27_16-56-48_59cb4bb0c8546.xml
18569445,/data/provider/renet/2017-09-13/11/615-164_2017-09-13_12-57-55_59b89eb3b0915.xml
9849663,/data/provider/renet/2017-09-26/15/1026_2017-09-26_16-54-32_59c9f9a864019.xml
18799155,/data/provider/renet/2017-09-12/07/10016383_2017-09-12_08-54-31_59b71427b8d2e.xml
18716755,/data/provider/renet/2017-09-29/15/1026_2017-09-29_16-54-10_59cdee12225ee.xml
13499125,/data/provider/renet/2017-09-17/11/10016383_2017-09-17_12-54-29_59bde3e548e06.xml
15941775,/data/provider/renet/2017-09-12/07/71-309_2017-09-12_08-54-44_59b714346ced4.xml
18651595,/data/provider/renet/2017-09-29/11/1026_2017-09-29_12-54-05_59cdb5cdae2aa.xml
14421635,/data/provider/renet/2017-09-19/11/627_2017-09-19_12-53-09_59c08695bef09.xml
17136315,/data/provider/renet/2017-09-18/15/627_2017-09-18_16-53-09_59bf6d55287e4.xml
18828075,/data/provider/renet/2017-09-26/15/71-328_2017-09-26_16-57-50_59c9fa6e5547f.xml
4227732,/data/provider/renet/2017-09-22/19/1026_2017-09-22_20-53-56_59c4ebc4231ef.xml
13485475,/data/provider/renet/2017-09-15/11/10016383_2017-09-15_12-56-35_59bb41635c180.xml
18909945,/data/provider/renet/2017-09-14/15/71-328_2017-09-14_16-58-20_59ba288c2893b.xml
18017695,/data/provider/renet/2017-09-20/11/627_2017-09-20_12-53-12_59c1d81884266.xml
18646905,/data/provider/renet/2017-09-27/23/627_2017-09-28_00-53-02_59cbbb4e36693.xml
18484145,/data/provider/renet/2017-09-29/15/1026_2017-09-29_16-54-10_59cdee12225ee.xml
18240395,/data/provider/renet/2017-09-27/11/627_2017-09-27_12-53-11_59cb12971e149.xml
18260555,/data/provider/renet/2017-09-27/15/627_2017-09-27_16-53-07_59cb4ad3e662e.xml
14952715,/data/provider/renet/2017-09-29/15/1026_2017-09-29_16-54-10_59cdee12225ee.xml
18242525,/data/provider/renet/2017-09-25/15/71-328_2017-09-25_16-59-50_59c8a966211e0.xml
19008645,/data/provider/renet/2017-09-29/19/627_2017-09-29_20-53-02_59ce260e92adf.xml
4374872,/data/provider/renet/2017-09-25/11/1026_2017-09-25_12-55-10_59c8700eccc18.xml
8040143,/data/provider/renet/2017-09-22/07/2085_2017-09-22_08-53-45_59c442f9e7649.xml
8751233,/data/provider/renet/2017-09-22/15/10019903_2017-09-22_17-01-02_59c4b52ed0af8.xml
18960775,/data/provider/renet/2017-09-27/11/1026_2017-09-27_12-54-18_59cb12da26c31.xml
16862275,/data/provider/renet/2017-09-13/11/627_2017-09-13_12-53-08_59b89d94c0866.xml
18910695,/data/provider/renet/2017-09-29/15/627_2017-09-29_16-53-06_59cdedd2df48a.xml
18274475,/data/provider/renet/2017-09-26/07/6732_2017-09-26_08-54-08_59c98910a96a2.xml
18919635,/data/provider/renet/2017-09-28/11/627_2017-09-28_12-53-08_59cc6414ae1c2.xml
14081305,/data/provider/renet/2017-09-25/07/2085_2017-09-25_08-53-45_59c83779bdb0b.xml
18711145,/data/provider/renet/2017-09-25/15/10015302_2017-09-25_16-57-35_59c8a8dfb390f.xml
8117773,/data/provider/renet/2017-09-25/11/10016383_2017-09-25_12-57-56_59c870b43d62c.xml
18397465,/data/provider/renet/2017-09-27/07/615-008_2017-09-27_08-54-57_59cadac15c4b2.xml
12571093,/data/provider/renet/2017-09-20/15/6794_2017-09-20_16-54-55_59c210bf51c51.xml
195214,/data/provider/renet/2017-09-29/15/627_2017-09-29_16-53-06_59cdedd2df48a.xml
10102433,/data/provider/renet/2017-09-26/19/1026_2017-09-26_20-54-12_59ca31d4e2b63.xml
11934893,/data/provider/renet/2017-09-26/11/10014772_2017-09-26_12-56-33_59c9c1e135e06.xml
18609785,/data/provider/renet/2017-09-19/15/71-212_2017-09-19_16-54-54_59c0bf3ea3f8a.xml
18757135,/data/provider/renet/2017-09-27/11/1026_2017-09-27_12-54-18_59cb12da26c31.xml
19020885,/data/provider/renet/2017-09-29/11/71-328_2017-09-29_12-56-59_59cdb67b91021.xml
4994832,/data/provider/renet/2017-09-22/07/627_2017-09-22_08-53-04_59c442d0bb4ba.xml
18251155,/data/provider/renet/2017-09-12/15/1026_2017-09-12_16-54-33_59b784a99c8c2.xml
18384475,/data/provider/renet/2017-09-13/07/3965_2017-09-13_08-53-50_59b8657e58af5.xml
17306515,/data/provider/renet/2017-09-18/15/627_2017-09-18_16-53-09_59bf6d55287e4.xml
18003745,/data/provider/renet/2017-09-13/15/1026_2017-09-13_16-54-38_59b8d62e74e1c.xml
17643465,/data/provider/renet/2017-09-12/11/71-328_2017-09-12_12-58-24_59b74d5064a9e.xml
17661695,/data/provider/renet/2017-09-18/11/1026_2017-09-18_12-54-44_59bf357400671.xml
18896755,/data/provider/renet/2017-09-19/11/71-336_2017-09-19_13-01-34_59c0888e9ef72.xml
4356632,/data/provider/renet/2017-09-28/15/627_2017-09-28_16-53-07_59cc9c530a21a.xml
18653895,/data/provider/renet/2017-09-26/15/71-212_2017-09-26_16-54-48_59c9f9b868d66.xml
18537895,/data/provider/renet/2017-09-25/15/71-212_2017-09-25_16-55-45_59c8a871cab82.xml
18875965,/data/provider/renet/2017-09-29/11/1026_2017-09-29_12-54-08_59cdb5d0d8290.xml
18785015,/data/provider/renet/2017-09-14/15/1026_2017-09-14_16-54-45_59ba27b53c989.xml
18750355,/data/provider/renet/2017-09-20/11/10059405_2017-09-20_12-57-56_59c1d93413f59.xml
13997655,/data/provider/renet/2017-09-11/15/627_2017-09-11_16-53-13_59b632d9bcbdc.xml
18031045,/data/provider/renet/2017-09-21/15/1026_2017-09-21_16-55-07_59c3624b473bf.xml
15922585,/data/provider/renet/2017-09-28/11/1026_2017-09-28_12-54-16_59cc645837091.xml
4665642,/data/provider/renet/2017-09-12/11/1026_2017-09-12_12-54-33_59b74c6949466.xml
16339825,/data/provider/renet/2017-09-13/15/627_2017-09-13_16-53-11_59b8d5d762b34.xml
18719985,/data/provider/renet/2017-09-26/11/71-333_2017-09-26_12-56-30_59c9c1de4c219.xml
17125495,/data/provider/renet/2017-09-18/07/615-014_2017-09-18_08-54-57_59befd4136b2d.xml
10993923,/data/provider/renet/2017-09-25/19/1026_2017-09-25_20-54-21_59c8e05da0c08.xml
9476053,/data/provider/renet/2017-09-22/15/10019903_2017-09-22_17-01-02_59c4b52ed0af8.xml
18649455,/data/provider/renet/2017-09-26/19/71-333_2017-09-26_20-55-06_59ca320ab106b.xml
16400005,/data/provider/renet/2017-09-23/07/2085_2017-09-23_08-53-31_59c5946b84dc4.xml
18329765,/data/provider/renet/2017-09-26/15/10015302_2017-09-26_16-56-15_59c9fa0f20020.xml
17725805,/data/provider/renet/2017-09-28/15/71-212_2017-09-28_16-54-12_59cc9c94d04e7.xml
18241585,/data/provider/renet/2017-09-20/07/615-037_2017-09-20_08-54-50_59c1a03af0bd8.xml
17125475,/data/provider/renet/2017-09-18/07/615-014_2017-09-18_08-54-57_59befd4136b2d.xml
18927445,/data/provider/renet/2017-09-12/15/2085_2017-09-12_16-53-13_59b78459089f9.xml
156983,/data/provider/renet/2017-09-11/15/ZZZZZZZZZ_2017-09-11_16-53-06_59b632d22d8a4.xml
15792525,/data/provider/renet/2017-09-14/15/627_2017-09-14_16-53-12_59ba27585e532.xml
17619985,/data/provider/renet/2017-09-19/15/1026_2017-09-19_16-54-37_59c0bf2da2c15.xml
13484425,/data/provider/renet/2017-09-25/11/10016383_2017-09-25_12-57-56_59c870b43d62c.xml
18060005,/data/provider/renet/2017-09-29/23/627_2017-09-30_00-53-02_59ce5e4e2a76c.xml
18238115,/data/provider/renet/2017-09-28/15/71-212_2017-09-28_16-54-12_59cc9c94d04e7.xml
18909855,/data/provider/renet/2017-09-20/11/627_2017-09-20_12-53-12_59c1d81884266.xml
17575295,/data/provider/renet/2017-09-11/15/627_2017-09-11_16-53-13_59b632d9bcbdc.xml
17979885,/data/provider/renet/2017-09-28/19/1026_2017-09-28_20-53-49_59ccd4bdaf87a.xml
18859685,/data/provider/renet/2017-09-18/07/1026_2017-09-18_08-54-05_59befd0d453ef.xml
17125445,/data/provider/renet/2017-09-18/07/615-014_2017-09-18_08-54-57_59befd4136b2d.xml
18154945,/data/provider/renet/2017-09-19/19/1026_2017-09-19_20-54-01_59c0f749cb1c5.xml
9653573,/data/provider/renet/2017-09-22/15/10019903_2017-09-22_17-01-02_59c4b52ed0af8.xml
16764455,/data/provider/renet/2017-09-25/07/2085_2017-09-25_08-53-36_59c83770ed085.xml
17125425,/data/provider/renet/2017-09-18/07/615-014_2017-09-18_08-54-57_59befd4136b2d.xml
18969405,/data/provider/renet/2017-09-26/07/1026_2017-09-26_08-53-53_59c98901b7a0b.xml
18970095,/data/provider/renet/2017-09-20/11/1026_2017-09-20_12-54-37_59c1d86d7c34e.xml
18995095,/data/provider/renet/2017-09-26/15/1026_2017-09-26_16-54-32_59c9f9a864019.xml
9082353,/data/provider/renet/2017-09-26/11/1026_2017-09-26_12-54-37_59c9c16d1d787.xml
18910545,/data/provider/renet/2017-09-28/11/10062756_2017-09-28_12-56-38_59cc64e60376f.xml
18727005,/data/provider/renet/2017-09-15/19/1026_2017-09-15_20-54-00_59bbb1480e7bc.xml
16419325,/data/provider/renet/2017-09-18/07/615-014_2017-09-18_08-54-57_59befd4136b2d.xml
4732292,/data/provider/renet/2017-09-15/15/1026_2017-09-15_16-54-21_59bb791dedd46.xml
15499645,/data/provider/renet/2017-09-29/11/627_2017-09-29_12-53-06_59cdb592194be.xml
16419335,/data/provider/renet/2017-09-18/07/615-014_2017-09-18_08-54-57_59befd4136b2d.xml
19008975,/data/provider/renet/2017-09-29/15/1026_2017-09-29_16-54-10_59cdee12225ee.xml
18631535,/data/provider/renet/2017-09-12/19/71-328_2017-09-12_20-56-13_59b7bd4d63a62.xml
17169185,/data/provider/renet/2017-09-27/11/10015302_2017-09-27_12-55-42_59cb132e43b27.xml
18391255,/data/provider/renet/2017-09-23/11/1026_2017-09-23_12-54-19_59c5ccdb4fce4.xml
18910585,/data/provider/renet/2017-09-20/11/627_2017-09-20_12-53-12_59c1d81884266.xml
18397325,/data/provider/renet/2017-09-12/19/71-328_2017-09-12_20-56-13_59b7bd4d63a62.xml
17306465,/data/provider/renet/2017-09-18/15/627_2017-09-18_16-53-09_59bf6d55287e4.xml
18197245,/data/provider/renet/2017-09-29/15/1026_2017-09-29_16-54-10_59cdee12225ee.xml
250660,/data/provider/renet/2017-09-29/19/1026_2017-09-29_20-53-49_59ce263d49516.xml
250679,/data/provider/renet/2017-09-29/11/1026_2017-09-29_12-54-05_59cdb5cdae2aa.xml
4826642,/data/provider/renet/2017-09-25/15/1026_2017-09-25_16-55-23_59c8a85bbfc3c.xml
17824795,/data/provider/renet/2017-09-29/15/627_2017-09-29_16-53-06_59cdedd2df48a.xml
16048435,/data/provider/renet/2017-09-27/15/1026_2017-09-27_16-54-21_59cb4b1db1e99.xml
18416595,/data/provider/renet/2017-09-20/11/627_2017-09-20_12-53-12_59c1d81884266.xml
12033593,/data/provider/renet/2017-09-22/15/10019903_2017-09-22_17-01-02_59c4b52ed0af8.xml
13373205,/data/provider/renet/2017-09-30/07/ZZZZZZZZZ_2017-09-30_08-53-02_59cececeb2c20.xml
18984115,/data/provider/renet/2017-09-30/07/10062756_2017-09-30_08-54-27_59cecf23d26b0.xml
18107225,/data/provider/renet/2017-09-28/15/10060825_2017-09-28_16-56-50_59cc9d324d51e.xml
19008905,/data/provider/renet/2017-09-29/11/71-333_2017-09-29_12-55-19_59cdb61727e2b.xml
18833805,/data/provider/renet/2017-09-24/23/71-328_2017-09-25_00-54-31_59c7c727c8c94.xml
18003845,/data/provider/renet/2017-09-18/11/1026_2017-09-18_12-54-46_59bf3576c44f3.xml
18970345,/data/provider/renet/2017-09-20/11/1026_2017-09-20_12-54-37_59c1d86d7c34e.xml
18471635,/data/provider/renet/2017-09-28/11/1026_2017-09-28_12-54-16_59cc645837091.xml
14887215,/data/provider/renet/2017-09-14/15/627_2017-09-14_16-53-12_59ba27585e532.xml
17321525,/data/provider/renet/2017-09-13/15/627_2017-09-13_16-53-11_59b8d5d762b34.xml
18182845,/data/provider/renet/2017-09-12/07/71-334_2017-09-12_08-54-23_59b7141f8d59a.xml
18955525,/data/provider/renet/2017-09-27/15/71-328_2017-09-27_16-56-43_59cb4baba4d9c.xml
18329645,/data/provider/renet/2017-09-14/15/1026_2017-09-14_16-54-49_59ba27b9587e1.xml
17913795,/data/provider/renet/2017-09-25/11/10015302_2017-09-25_12-57-51_59c870af1aecc.xml
6044042,/data/provider/renet/2017-09-20/11/627_2017-09-20_12-53-12_59c1d81884266.xml
12223403,/data/provider/renet/2017-09-11/15/627_2017-09-11_16-53-13_59b632d9bcbdc.xml
15984895,/data/provider/renet/2017-09-28/03/2085_2017-09-28_04-53-08_59cbf39404f4a.xml
4374612,/data/provider/renet/2017-09-25/11/1026_2017-09-25_12-55-10_59c8700eccc18.xml
18911225,/data/provider/renet/2017-09-27/11/71-333_2017-09-27_12-55-36_59cb1328de2fa.xml
18960915,/data/provider/renet/2017-09-29/19/1026_2017-09-29_20-53-49_59ce263d49516.xml
18619355,/data/provider/renet/2017-09-18/11/71-336_2017-09-18_12-58-58_59bf36728eb9a.xml
18832795,/data/provider/renet/2017-09-27/11/627_2017-09-27_12-53-11_59cb12971e149.xml
17109355,/data/provider/renet/2017-09-16/11/627_2017-09-16_12-53-07_59bc9213121f0.xml
16065165,/data/provider/renet/2017-09-26/11/1026_2017-09-26_12-54-37_59c9c16d1d787.xml
18296965,/data/provider/renet/2017-09-28/15/71-336_2017-09-28_16-56-53_59cc9d35d0d16.xml
18966415,/data/provider/renet/2017-09-19/15/71-328_2017-09-19_16-58-32_59c0c018779c3.xml
17983875,/data/provider/renet/2017-09-27/11/10060825_2017-09-27_12-56-58_59cb137a12243.xml
17172995,/data/provider/renet/2017-09-18/11/2085_2017-09-18_12-54-18_59bf355a7bbce.xml
14648595,/data/provider/renet/2017-09-20/11/10014772_2017-09-20_12-56-30_59c1d8dee2bc1.xml
18041545,/data/provider/renet/2017-09-28/19/1026_2017-09-28_20-53-49_59ccd4bdaf87a.xml
17983885,/data/provider/renet/2017-09-23/11/627_2017-09-23_12-53-05_59c5cc91f265a.xml
17540075,/data/provider/renet/2017-09-29/11/627_2017-09-29_12-53-06_59cdb592194be.xml
18249215,/data/provider/renet/2017-09-12/07/71-333_2017-09-12_08-54-26_59b714222c98a.xml
16420075,/data/provider/renet/2017-09-18/07/615-014_2017-09-18_08-54-57_59befd4136b2d.xml
19003605,/data/provider/renet/2017-09-27/11/71-333_2017-09-27_12-55-36_59cb1328de2fa.xml
18960995,/data/provider/renet/2017-09-18/15/627_2017-09-18_16-53-09_59bf6d55287e4.xml
16420065,/data/provider/renet/2017-09-18/07/615-014_2017-09-18_08-54-57_59befd4136b2d.xml
18635785,/data/provider/renet/2017-09-29/19/10060825_2017-09-29_20-55-12_59ce26905590a.xml
10403423,/data/provider/renet/2017-09-25/15/1026_2017-09-25_16-55-23_59c8a85bbfc3c.xml
6257383,/data/provider/renet/2017-09-25/19/1026_2017-09-25_20-54-21_59c8e05da0c08.xml
18294885,/data/provider/renet/2017-09-19/11/1026_2017-09-19_12-54-41_59c086f1e77bc.xml
14400095,/data/provider/renet/2017-09-30/07/627_2017-09-30_08-53-04_59ceced06b2b8.xml
14547565,/data/provider/renet/2017-09-12/11/627_2017-09-12_12-53-06_59b74c12a8aca.xml
18793845,/data/provider/renet/2017-09-28/15/627_2017-09-28_16-53-07_59cc9c530a21a.xml
16325765,/data/provider/renet/2017-09-22/15/1026_2017-09-22_16-56-05_59c4b40542d22.xml
15941705,/data/provider/renet/2017-09-22/07/2085_2017-09-22_08-53-20_59c442e01257c.xml
18370965,/data/provider/renet/2017-09-13/11/10015302_2017-09-13_12-56-30_59b89e5ec5807.xml
6257323,/data/provider/renet/2017-09-25/15/1026_2017-09-25_16-55-23_59c8a85bbfc3c.xml
14911785,/data/provider/renet/2017-09-11/15/627_2017-09-11_16-53-13_59b632d9bcbdc.xml
16048525,/data/provider/renet/2017-09-14/15/1026_2017-09-14_16-54-45_59ba27b53c989.xml
8801023,/data/provider/renet/2017-09-22/15/10019903_2017-09-22_17-01-02_59c4b52ed0af8.xml
18915715,/data/provider/renet/2017-09-22/07/615-164_2017-09-22_08-55-14_59c44352a8a54.xml
15328495,/data/provider/renet/2017-09-14/15/627_2017-09-14_16-53-12_59ba27585e532.xml
5374612,/data/provider/renet/2017-09-27/15/10014772_2017-09-27_16-55-34_59cb4b66b86cb.xml
17656055,/data/provider/renet/2017-09-12/11/1026_2017-09-12_12-54-33_59b74c6949466.xml
14747265,/data/provider/renet/2017-09-22/15/1026_2017-09-22_16-56-17_59c4b411173dd.xml
8531243,/data/provider/renet/2017-09-18/15/1026_2017-09-18_16-54-43_59bf6db3773d6.xml
18315775,/data/provider/renet/2017-09-25/11/10015302_2017-09-25_12-57-51_59c870af1aecc.xml
10506363,/data/provider/renet/2017-09-13/15/627_2017-09-13_16-53-11_59b8d5d762b34.xml
14377285,/data/provider/renet/2017-09-13/15/627_2017-09-13_16-53-11_59b8d5d762b34.xml
15932345,/data/provider/renet/2017-09-23/07/2085_2017-09-23_08-53-31_59c5946b84dc4.xml
18985175,/data/provider/renet/2017-09-22/19/10065085_2017-09-22_20-55-49_59c4ec35b46a6.xml
17628605,/data/provider/renet/2017-09-25/15/1026_2017-09-25_16-55-20_59c8a85865649.xml
6351053,/data/provider/renet/2017-09-25/15/1026_2017-09-25_16-55-23_59c8a85bbfc3c.xml
10344723,/data/provider/renet/2017-09-25/11/627_2017-09-25_12-53-10_59c86f96ba051.xml
18527995,/data/provider/renet/2017-09-27/11/10060825_2017-09-27_12-56-58_59cb137a12243.xml
11838703,/data/provider/renet/2017-09-26/15/1026_2017-09-26_16-54-32_59c9f9a864019.xml
17376295,/data/provider/renet/2017-09-28/15/627_2017-09-28_16-53-07_59cc9c530a21a.xml
10949803,/data/provider/renet/2017-09-14/11/1026_2017-09-14_12-54-38_59b9ef6ee3731.xml
18874665,/data/provider/renet/2017-09-12/07/71-316_2017-09-12_08-54-57_59b714415886b.xml
15430425,/data/provider/renet/2017-09-24/11/71-328_2017-09-24_12-55-02_59c71e86e356e.xml
17913865,/data/provider/renet/2017-09-27/15/615-172_2017-09-27_16-56-24_59cb4b9807641.xml
17622015,/data/provider/renet/2017-09-23/11/627_2017-09-23_12-53-05_59c5cc91f265a.xml
18761335,/data/provider/renet/2017-09-27/11/627_2017-09-27_12-53-11_59cb12971e149.xml
18917985,/data/provider/renet/2017-09-22/07/2085_2017-09-22_08-53-20_59c442e01257c.xml
17419435,/data/provider/renet/2017-09-27/15/627_2017-09-27_16-53-07_59cb4ad3e662e.xml
14952635,/data/provider/renet/2017-09-26/15/627_2017-09-26_16-53-11_59c9f957623d8.xml
5431712,/data/provider/renet/2017-09-15/11/1026_2017-09-15_12-54-33_59bb40e9505eb.xml
10711373,/data/provider/renet/2017-09-25/19/1026_2017-09-25_20-54-21_59c8e05da0c08.xml
4375152,/data/provider/renet/2017-09-25/11/1026_2017-09-25_12-55-10_59c8700eccc18.xml
18268385,/data/provider/renet/2017-09-27/19/627_2017-09-27_20-53-03_59cb830f44824.xml
18035815,/data/provider/renet/2017-09-26/03/615-164_2017-09-26_04-53-28_59c950a813859.xml
18977895,/data/provider/renet/2017-09-25/15/71-328_2017-09-25_16-59-50_59c8a966211e0.xml
18629345,/data/provider/renet/2017-09-27/11/627_2017-09-27_12-53-11_59cb12971e149.xml
18403695,/data/provider/renet/2017-09-19/19/1026_2017-09-19_20-54-01_59c0f749cb1c5.xml
15329805,/data/provider/renet/2017-09-27/15/627_2017-09-27_16-53-07_59cb4ad3e662e.xml
18523635,/data/provider/renet/2017-09-28/23/71-336_2017-09-29_00-54-09_59cd0d11b05c2.xml
18574625,/data/provider/renet/2017-09-20/07/615-150_2017-09-20_08-54-48_59c1a038404f8.xml
14647365,/data/provider/renet/2017-09-28/15/ZZZZZZZZZ_2017-09-28_16-53-04_59cc9c50a025c.xml
17964655,/data/provider/renet/2017-09-27/15/627_2017-09-27_16-53-07_59cb4ad3e662e.xml
3527012,/data/provider/renet/2017-09-26/15/1026_2017-09-26_16-54-32_59c9f9a864019.xml
18955215,/data/provider/renet/2017-09-29/15/71-336_2017-09-29_16-56-55_59cdeeb7b70cf.xml
18978665,/data/provider/renet/2017-09-21/11/71-328_2017-09-21_12-58-00_59c32ab8ed456.xml
17664715,/data/provider/renet/2017-09-26/11/627_2017-09-26_12-53-10_59c9c11670a8e.xml
10160713,/data/provider/renet/2017-09-28/11/1026_2017-09-28_12-54-16_59cc645837091.xml
18659055,/data/provider/renet/2017-09-27/15/627_2017-09-27_16-53-07_59cb4ad3e662e.xml
8945953,/data/provider/renet/2017-09-22/15/10019903_2017-09-22_17-01-02_59c4b52ed0af8.xml
17974165,/data/provider/renet/2017-09-19/11/2085_2017-09-19_12-54-21_59c086dd22222.xml
10788293,/data/provider/renet/2017-09-26/15/1026_2017-09-26_16-54-32_59c9f9a864019.xml
6099572,/data/provider/renet/2017-09-13/15/627_2017-09-13_16-53-11_59b8d5d762b34.xml
14715335,/data/provider/renet/2017-09-18/11/71-328_2017-09-18_12-58-55_59bf366f9e416.xml
18280325,/data/provider/renet/2017-09-27/15/71-336_2017-09-27_16-56-45_59cb4bad92e07.xml
6087982,/data/provider/renet/2017-09-19/11/627_2017-09-19_12-53-09_59c08695bef09.xml
18979705,/data/provider/renet/2017-09-29/19/1026_2017-09-29_20-53-49_59ce263d49516.xml
17886935,/data/provider/renet/2017-09-16/11/1026_2017-09-16_12-54-27_59bc9263c4586.xml
18280315,/data/provider/renet/2017-09-29/19/71-336_2017-09-29_20-55-13_59ce2691ea5c2.xml
4024022,/data/provider/renet/2017-09-13/15/627_2017-09-13_16-53-11_59b8d5d762b34.xml
14862405,/data/provider/renet/2017-09-11/15/ZZZZZZZZZ_2017-09-11_16-53-06_59b632d22d8a4.xml
14161485,/data/provider/renet/2017-09-25/11/10015302_2017-09-25_12-57-51_59c870af1aecc.xml
5446712,/data/provider/renet/2017-09-27/11/627_2017-09-27_12-53-11_59cb12971e149.xml
18700885,/data/provider/renet/2017-09-28/15/627_2017-09-28_16-53-07_59cc9c530a21a.xml
10709193,/data/provider/renet/2017-09-25/19/1026_2017-09-25_20-54-21_59c8e05da0c08.xml
18534795,/data/provider/renet/2017-09-12/11/71-333_2017-09-12_12-56-14_59b74cced26b1.xml
18645355,/data/provider/renet/2017-09-25/07/615-174_2017-09-25_08-55-22_59c837da42a79.xml
3790542,/data/provider/renet/2017-09-19/11/627_2017-09-19_12-53-09_59c08695bef09.xml
18710155,/data/provider/renet/2017-09-27/15/71-333_2017-09-27_16-55-32_59cb4b64864f5.xml
18791275,/data/provider/renet/2017-09-26/11/ZZZZZZZZZ_2017-09-26_12-53-05_59c9c11109fe0.xml
18955185,/data/provider/renet/2017-09-26/15/71-328_2017-09-26_16-57-50_59c9fa6e5547f.xml
18813465,/data/provider/renet/2017-09-15/11/2085_2017-09-15_12-53-13_59bb4099197b1.xml
13131123,/data/provider/renet/2017-09-27/11/7042_2017-09-27_12-54-54_59cb12fee8946.xml
18776945,/data/provider/renet/2017-09-16/07/10005182_2017-09-16_08-53-58_59bc5a0682e71.xml
18301815,/data/provider/renet/2017-09-25/15/71-212_2017-09-25_16-55-45_59c8a871cab82.xml
12513333,/data/provider/renet/2017-09-21/11/ZZZZZZZZZ_2017-09-21_12-53-05_59c3299194369.xml
17631525,/data/provider/renet/2017-09-29/15/71-328_2017-09-29_16-56-52_59cdeeb422e18.xml
11355023,/data/provider/renet/2017-09-26/11/627_2017-09-26_12-53-10_59c9c11670a8e.xml
18937995,/data/provider/renet/2017-09-26/19/627_2017-09-26_20-53-04_59ca3190403df.xml
17003435,/data/provider/renet/2017-09-12/11/627_2017-09-12_12-53-06_59b74c12a8aca.xml
3888932,/data/provider/renet/2017-09-26/11/627_2017-09-26_12-53-10_59c9c11670a8e.xml
18791215,/data/provider/renet/2017-09-28/23/ZZZZZZZZZ_2017-09-29_00-53-02_59cd0cce201af.xml
14265305,/data/provider/renet/2017-09-26/11/627_2017-09-26_12-53-10_59c9c11670a8e.xml
11865083,/data/provider/renet/2017-09-18/15/10014772_2017-09-18_16-56-34_59bf6e2208b42.xml
6270153,/data/provider/renet/2017-09-25/15/1026_2017-09-25_16-55-23_59c8a85bbfc3c.xml
18831205,/data/provider/renet/2017-09-25/15/71-212_2017-09-25_16-55-45_59c8a871cab82.xml
18978745,/data/provider/renet/2017-09-21/11/71-328_2017-09-21_12-58-00_59c32ab8ed456.xml
17176695,/data/provider/renet/2017-09-27/23/1026_2017-09-28_00-53-32_59cbbb6cf3b14.xml
18995495,/data/provider/renet/2017-09-25/19/71-336_2017-09-25_20-56-29_59c8e0dd99a7e.xml
17919355,/data/provider/renet/2017-09-13/15/627_2017-09-13_16-53-11_59b8d5d762b34.xml
9622053,/data/provider/renet/2017-09-27/11/627_2017-09-27_12-53-11_59cb12971e149.xml
18585905,/data/provider/renet/2017-09-14/15/10015302_2017-09-14_16-56-36_59ba282414a09.xml
18773125,/data/provider/renet/2017-09-26/15/71-328_2017-09-26_16-57-50_59c9fa6e5547f.xml
18697255,/data/provider/renet/2017-09-20/07/615-150_2017-09-20_08-54-48_59c1a038404f8.xml
11336613,/data/provider/renet/2017-09-26/11/1026_2017-09-26_12-54-37_59c9c16d1d787.xml
18922595,/data/provider/renet/2017-09-28/19/1026_2017-09-28_20-53-49_59ccd4bdaf87a.xml
9169213,/data/provider/renet/2017-09-22/15/10019903_2017-09-22_17-01-02_59c4b52ed0af8.xml
18696965,/data/provider/renet/2017-09-25/07/71-322_2017-09-25_08-55-32_59c837e4435dc.xml
17191745,/data/provider/renet/2017-09-28/11/6794_2017-09-28_12-54-40_59cc6470019c1.xml
18661515,/data/provider/renet/2017-09-25/15/10015302_2017-09-25_16-57-38_59c8a8e277454.xml
6775913,/data/provider/renet/2017-09-25/11/1026_2017-09-25_12-55-10_59c8700eccc18.xml
11864263,/data/provider/renet/2017-09-29/15/10014772_2017-09-29_16-55-32_59cdee6412203.xml
18918885,/data/provider/renet/2017-09-29/15/627_2017-09-29_16-53-06_59cdedd2df48a.xml
18773145,/data/provider/renet/2017-09-29/15/1026_2017-09-29_16-54-10_59cdee12225ee.xml
17773355,/data/provider/renet/2017-09-28/07/1072_2017-09-28_08-53-46_59cc2bfabc53b.xml
16548685,/data/provider/renet/2017-09-28/15/10060825_2017-09-28_16-56-50_59cc9d324d51e.xml
18606315,/data/provider/renet/2017-09-27/15/627_2017-09-27_16-53-07_59cb4ad3e662e.xml
13302535,/data/provider/renet/2017-09-13/15/1026_2017-09-13_16-54-38_59b8d62e74e1c.xml
10881763,/data/provider/renet/2017-09-26/15/1026_2017-09-26_16-54-32_59c9f9a864019.xml
15382325,/data/provider/renet/2017-09-22/15/10019903_2017-09-22_17-01-02_59c4b52ed0af8.xml
18457675,/data/provider/renet/2017-09-13/11/10014772_2017-09-13_12-56-27_59b89e5b76197.xml
15820285,/data/provider/renet/2017-09-25/07/1026_2017-09-25_08-53-57_59c83785cd2d1.xml
221647,/data/provider/renet/2017-09-26/07/2085_2017-09-26_08-53-17_59c988ddebf85.xml
13052283,/data/provider/renet/2017-09-20/11/10014772_2017-09-20_12-56-30_59c1d8dee2bc1.xml
18896025,/data/provider/renet/2017-09-28/11/627_2017-09-28_12-53-08_59cc6414ae1c2.xml
18222555,/data/provider/renet/2017-09-20/23/71-333_2017-09-21_00-54-19_59c2811b72abf.xml
7683253,/data/provider/renet/2017-09-28/15/627_2017-09-28_16-53-07_59cc9c530a21a.xml
18222545,/data/provider/renet/2017-09-11/15/71-333_2017-09-11_16-56-34_59b633a2ddedb.xml
17604125,/data/provider/renet/2017-09-18/07/71-212_2017-09-18_08-54-14_59befd1624b4b.xml
18690385,/data/provider/renet/2017-09-30/03/71-328_2017-09-30_04-53-28_59ce96a89cd4e.xml
7587273,/data/provider/renet/2017-09-14/15/1026_2017-09-14_16-54-45_59ba27b53c989.xml
16512485,/data/provider/renet/2017-09-12/11/10059405_2017-09-12_12-58-07_59b74d3f47fc7.xml
16932715,/data/provider/renet/2017-09-18/15/627_2017-09-18_16-53-09_59bf6d55287e4.xml
17682205,/data/provider/renet/2017-09-28/15/627_2017-09-28_16-53-07_59cc9c530a21a.xml
18476405,/data/provider/renet/2017-09-13/15/71-212_2017-09-13_16-54-50_59b8d63ae1710.xml
17633865,/data/provider/renet/2017-09-18/07/615-014_2017-09-18_08-54-57_59befd4136b2d.xml
18222585,/data/provider/renet/2017-09-23/11/71-333_2017-09-23_12-55-05_59c5cd0921d7f.xml
18680095,/data/provider/renet/2017-09-13/11/10015302_2017-09-13_12-56-30_59b89e5ec5807.xml
15981795,/data/provider/renet/2017-09-22/19/ZZZZZZZZZ_2017-09-22_20-53-02_59c4eb8ecebed.xml
10709083,/data/provider/renet/2017-09-25/07/1026_2017-09-25_08-53-57_59c83785cd2d1.xml
18941225,/data/provider/renet/2017-09-29/11/10059405_2017-09-29_12-56-27_59cdb65bc8a8f.xml
10669713,/data/provider/renet/2017-09-23/07/71-212_2017-09-23_08-53-57_59c59485a9b44.xml
10693333,/data/provider/renet/2017-09-26/15/10015302_2017-09-26_16-56-15_59c9fa0f20020.xml
3436532,/data/provider/renet/2017-09-26/07/1026_2017-09-26_08-53-56_59c989045d263.xml
8653833,/data/provider/renet/2017-09-26/15/10016383_2017-09-26_16-56-23_59c9fa17cc32e.xml
9055823,/data/provider/renet/2017-09-15/11/1026_2017-09-15_12-54-33_59bb40e9505eb.xml
12615033,/data/provider/renet/2017-09-28/23/627_2017-09-29_00-53-03_59cd0ccfa9bbd.xml
18814695,/data/provider/renet/2017-09-27/15/10014772_2017-09-27_16-55-34_59cb4b66b86cb.xml
13079253,/data/provider/renet/2017-09-13/15/1026_2017-09-13_16-54-38_59b8d62e74e1c.xml
17078345,/data/provider/renet/2017-09-12/11/10014772_2017-09-12_12-56-20_59b74cd4e2278.xml
8230653,/data/provider/renet/2017-09-22/15/10019903_2017-09-22_17-01-02_59c4b52ed0af8.xml
18756595,/data/provider/renet/2017-09-29/11/627_2017-09-29_12-53-06_59cdb592194be.xml
17941825,/data/provider/renet/2017-09-29/15/ZZZZZZZZZ_2017-09-29_16-53-04_59cdedd00cc90.xml
10369213,/data/provider/renet/2017-09-28/15/23661_2017-09-28_16-54-58_59cc9cc20a9a1.xml
18183055,/data/provider/renet/2017-09-15/07/71-334_2017-09-15_08-54-24_59bb08a0eef4c.xml
8248693,/data/provider/renet/2017-09-26/15/1026_2017-09-26_16-54-32_59c9f9a864019.xml
13035163,/data/provider/renet/2017-09-27/11/627_2017-09-27_12-53-11_59cb12971e149.xml
5404912,/data/provider/renet/2017-09-27/15/10014772_2017-09-27_16-55-34_59cb4b66b86cb.xml
18976585,/data/provider/renet/2017-09-27/23/71-336_2017-09-28_00-54-20_59cbbb9ceb46f.xml
3930302,/data/provider/renet/2017-09-28/19/1026_2017-09-28_20-53-49_59ccd4bdaf87a.xml
18873795,/data/provider/renet/2017-09-19/15/71-328_2017-09-19_16-58-32_59c0c018779c3.xml
18890925,/data/provider/renet/2017-09-27/15/71-333_2017-09-27_16-55-32_59cb4b64864f5.xml
14453355,/data/provider/renet/2017-09-11/15/627_2017-09-11_16-53-13_59b632d9bcbdc.xml
18023285,/data/provider/renet/2017-09-19/11/1026_2017-09-19_12-54-41_59c086f1e77bc.xml
17927905,/data/provider/renet/2017-09-25/15/627_2017-09-25_16-53-11_59c8a7d761306.xml
15688635,/data/provider/renet/2017-09-29/11/627_2017-09-29_12-53-06_59cdb592194be.xml
18600435,/data/provider/renet/2017-09-27/15/71-333_2017-09-27_16-55-32_59cb4b64864f5.xml
9132033,/data/provider/renet/2017-09-26/15/1026_2017-09-26_16-54-32_59c9f9a864019.xml
18504545,/data/provider/renet/2017-09-12/11/10065085_2017-09-12_12-58-31_59b74d57a6f6b.xml
17647595,/data/provider/renet/2017-09-14/15/627_2017-09-14_16-53-12_59ba27585e532.xml
18962645,/data/provider/renet/2017-09-18/23/71-333_2017-09-19_00-54-20_59bfde1c0adf6.xml
18615825,/data/provider/renet/2017-09-28/19/1026_2017-09-28_20-53-49_59ccd4bdaf87a.xml
6043052,/data/provider/renet/2017-09-28/19/627_2017-09-28_20-53-04_59ccd4904ad32.xml
19010925,/data/provider/renet/2017-09-28/11/627_2017-09-28_12-53-08_59cc6414ae1c2.xml
8872383,/data/provider/renet/2017-09-22/15/10019903_2017-09-22_17-01-02_59c4b52ed0af8.xml
17489335,/data/provider/renet/2017-09-12/07/6794_2017-09-12_08-53-59_59b714070c151.xml
18353655,/data/provider/renet/2017-09-28/07/71-315_2017-09-28_08-54-36_59cc2c2ca8202.xml
18941335,/data/provider/renet/2017-09-27/19/71-333_2017-09-27_20-54-37_59cb836db737a.xml
18888985,/data/provider/renet/2017-09-29/11/1026_2017-09-29_12-54-05_59cdb5cdae2aa.xml
11798823,/data/provider/renet/2017-09-26/15/1026_2017-09-26_16-54-32_59c9f9a864019.xml
11556643,/data/provider/renet/2017-09-25/19/1026_2017-09-25_20-54-21_59c8e05da0c08.xml
8349653,/data/provider/renet/2017-09-19/11/627_2017-09-19_12-53-09_59c08695bef09.xml
4574462,/data/provider/renet/2017-09-26/15/627_2017-09-26_16-53-11_59c9f957623d8.xml
18960455,/data/provider/renet/2017-09-27/11/1026_2017-09-27_12-54-18_59cb12da26c31.xml
14114915,/data/provider/renet/2017-09-18/11/2085_2017-09-18_12-54-18_59bf355a7bbce.xml
17483705,/data/provider/renet/2017-09-27/15/23458_2017-09-27_16-54-27_59cb4b23306d2.xml
17360525,/data/provider/renet/2017-09-30/07/71-316_2017-09-30_08-54-20_59cecf1c35e90.xml
18424095,/data/provider/renet/2017-09-27/11/10015302_2017-09-27_12-55-40_59cb132c8c875.xml
10403903,/data/provider/renet/2017-09-25/15/1026_2017-09-25_16-55-23_59c8a85bbfc3c.xml
18120685,/data/provider/renet/2017-09-28/15/627_2017-09-28_16-53-07_59cc9c530a21a.xml
18258745,/data/provider/renet/2017-09-27/11/627_2017-09-27_12-53-11_59cb12971e149.xml
3995642,/data/provider/renet/2017-09-25/15/1026_2017-09-25_16-55-23_59c8a85bbfc3c.xml
18337775,/data/provider/renet/2017-09-26/19/1026_2017-09-26_20-54-12_59ca31d4e2b63.xml
18669825,/data/provider/renet/2017-09-22/19/10015302_2017-09-22_20-54-46_59c4ebf6b6362.xml
17933145,/data/provider/renet/2017-09-19/07/7042_2017-09-19_08-54-20_59c04e9c4d4b3.xml
18335585,/data/provider/renet/2017-09-27/11/71-333_2017-09-27_12-55-36_59cb1328de2fa.xml
17048855,/data/provider/renet/2017-09-25/15/1026_2017-09-25_16-55-23_59c8a85bbfc3c.xml
8680583,/data/provider/renet/2017-09-15/19/1026_2017-09-15_20-54-00_59bbb1480e7bc.xml
18517355,/data/provider/renet/2017-09-15/15/10014772_2017-09-15_16-56-16_59bb7990a6c75.xml
18499615,/data/provider/renet/2017-09-18/07/71-212_2017-09-18_08-54-14_59befd1624b4b.xml
9688903,/data/provider/renet/2017-09-27/15/627_2017-09-27_16-53-07_59cb4ad3e662e.xml
18758465,/data/provider/renet/2017-09-18/15/1026_2017-09-18_16-54-40_59bf6db01071e.xml
18802545,/data/provider/renet/2017-09-19/07/71-328_2017-09-19_08-55-23_59c04edbd20c1.xml
10534023,/data/provider/renet/2017-09-12/15/627_2017-09-12_16-53-07_59b78453f3752.xml
18576175,/data/provider/renet/2017-09-20/07/10022763_2017-09-20_08-54-53_59c1a03d5ac1b.xml
16852205,/data/provider/renet/2017-09-20/15/10014772_2017-09-20_16-56-32_59c2112070ed6.xml
8204823,/data/provider/renet/2017-09-25/15/1026_2017-09-25_16-55-23_59c8a85bbfc3c.xml
18737655,/data/provider/renet/2017-09-14/19/71-212_2017-09-14_20-54-22_59ba5fde6ac30.xml
17183205,/data/provider/renet/2017-09-28/19/1026_2017-09-28_20-53-49_59ccd4bdaf87a.xml
18795725,/data/provider/renet/2017-09-23/11/627_2017-09-23_12-53-05_59c5cc91f265a.xml
17535575,/data/provider/renet/2017-09-24/15/71-336_2017-09-24_16-55-14_59c756d20fae6.xml
18978535,/data/provider/renet/2017-09-25/15/71-328_2017-09-25_16-59-50_59c8a966211e0.xml
18603685,/data/provider/renet/2017-09-26/15/71-212_2017-09-26_16-54-48_59c9f9b868d66.xml
1563242,/data/provider/renet/2017-09-28/19/627_2017-09-28_20-53-04_59ccd4904ad32.xml
17391685,/data/provider/renet/2017-09-14/15/627_2017-09-14_16-53-12_59ba27585e532.xml
18281075,/data/provider/renet/2017-09-26/11/71-212_2017-09-26_12-54-52_59c9c17c094b9.xml
14284355,/data/provider/renet/2017-09-29/15/627_2017-09-29_16-53-06_59cdedd2df48a.xml
18518185,/data/provider/renet/2017-09-11/15/71-333_2017-09-11_16-56-34_59b633a2ddedb.xml
12187283,/data/provider/renet/2017-09-26/19/1026_2017-09-26_20-54-12_59ca31d4e2b63.xml
18816155,/data/provider/renet/2017-09-27/23/71-336_2017-09-28_00-54-20_59cbbb9ceb46f.xml
17123965,/data/provider/renet/2017-09-27/15/627_2017-09-27_16-53-07_59cb4ad3e662e.xml
5432952,/data/provider/renet/2017-09-29/23/627_2017-09-30_00-53-02_59ce5e4e2a76c.xml
3611512,/data/provider/renet/2017-09-30/07/627_2017-09-30_08-53-04_59ceced06b2b8.xml
6084222,/data/provider/renet/2017-09-29/03/627_2017-09-29_04-53-01_59cd450de8f60.xml
17544895,/data/provider/renet/2017-09-18/07/615-014_2017-09-18_08-54-57_59befd4136b2d.xml
375849,/data/provider/renet/2017-09-28/11/627_2017-09-28_12-53-08_59cc6414ae1c2.xml
8266923,/data/provider/renet/2017-09-25/07/1026_2017-09-25_08-53-57_59c83785cd2d1.xml
18653655,/data/provider/renet/2017-09-29/23/627_2017-09-30_00-53-02_59ce5e4e2a76c.xml
5693312,/data/provider/renet/2017-09-26/11/10014772_2017-09-26_12-56-33_59c9c1e135e06.xml
16438595,/data/provider/renet/2017-09-19/19/1026_2017-09-19_20-54-01_59c0f749cb1c5.xml
18752025,/data/provider/renet/2017-09-23/11/1026_2017-09-23_12-54-19_59c5ccdb4fce4.xml
9285203,/data/provider/renet/2017-09-22/15/10019903_2017-09-22_17-01-02_59c4b52ed0af8.xml
17936665,/data/provider/renet/2017-09-27/15/615-172_2017-09-27_16-56-24_59cb4b9807641.xml
18683175,/data/provider/renet/2017-09-25/11/71-212_2017-09-25_12-55-25_59c8701de1626.xml
18773405,/data/provider/renet/2017-09-25/11/627_2017-09-25_12-53-10_59c86f96ba051.xml
18523375,/data/provider/renet/2017-09-28/07/615-125_2017-09-28_08-54-22_59cc2c1e8785f.xml
18177765,/data/provider/renet/2017-09-12/15/1026_2017-09-12_16-54-33_59b784a99c8c2.xml
262816,/data/provider/renet/2017-09-28/11/1026_2017-09-28_12-54-16_59cc645837091.xml
18711395,/data/provider/renet/2017-09-27/11/627_2017-09-27_12-53-11_59cb12971e149.xml
18925555,/data/provider/renet/2017-09-18/07/10062756_2017-09-18_08-55-39_59befd6b4a157.xml
7890563,/data/provider/renet/2017-09-22/15/10019903_2017-09-22_17-01-02_59c4b52ed0af8.xml
18485905,/data/provider/renet/2017-09-18/11/71-336_2017-09-18_12-58-58_59bf36728eb9a.xml
11110753,/data/provider/renet/2017-09-25/19/1026_2017-09-25_20-54-21_59c8e05da0c08.xml
13226355,/data/provider/renet/2017-09-19/11/1026_2017-09-19_12-54-41_59c086f1e77bc.xml
15657345,/data/provider/renet/2017-09-23/11/627_2017-09-23_12-53-05_59c5cc91f265a.xml
14114795,/data/provider/renet/2017-09-18/11/2085_2017-09-18_12-54-18_59bf355a7bbce.xml
18230215,/data/provider/renet/2017-09-21/07/71-309_2017-09-21_08-55-07_59c2f1cbd2687.xml
18978205,/data/provider/renet/2017-09-21/11/71-328_2017-09-21_12-58-00_59c32ab8ed456.xml
18538395,/data/provider/renet/2017-09-12/11/71-336_2017-09-12_12-58-34_59b74d5abe2af.xml
18685315,/data/provider/renet/2017-09-28/11/627_2017-09-28_12-53-08_59cc6414ae1c2.xml
18610515,/data/provider/renet/2017-09-29/15/627_2017-09-29_16-53-06_59cdedd2df48a.xml
18407425,/data/provider/renet/2017-09-29/15/71-333_2017-09-29_16-55-23_59cdee5b00fb7.xml
18990065,/data/provider/renet/2017-09-25/07/10062756_2017-09-25_08-55-34_59c837e6bbe6c.xml
12548983,/data/provider/renet/2017-09-25/15/1026_2017-09-25_16-55-23_59c8a85bbfc3c.xml
13169943,/data/provider/renet/2017-09-18/15/1026_2017-09-18_16-54-43_59bf6db3773d6.xml
18946125,/data/provider/renet/2017-09-28/15/71-328_2017-09-28_16-56-52_59cc9d343be10.xml
9793113,/data/provider/renet/2017-09-22/15/10019903_2017-09-22_17-01-02_59c4b52ed0af8.xml
18699015,/data/provider/renet/2017-09-26/15/10015302_2017-09-26_16-56-15_59c9fa0f20020.xml
18968975,/data/provider/renet/2017-09-27/11/1026_2017-09-27_12-54-18_59cb12da26c31.xml
19013415,/data/provider/renet/2017-09-28/19/10059405_2017-09-28_20-55-20_59ccd518113bf.xml
10211333,/data/provider/renet/2017-09-22/15/10019903_2017-09-22_17-01-02_59c4b52ed0af8.xml
16038235,/data/provider/renet/2017-09-26/07/10014772_2017-09-26_08-54-37_59c9892d4688e.xml
18968995,/data/provider/renet/2017-09-20/07/1026_2017-09-20_08-53-56_59c1a0044d131.xml
13497865,/data/provider/renet/2017-09-18/07/10016383_2017-09-18_08-54-49_59befd3914faf.xml
6101432,/data/provider/renet/2017-09-13/15/627_2017-09-13_16-53-11_59b8d5d762b34.xml
18683095,/data/provider/renet/2017-09-12/11/627_2017-09-12_12-53-06_59b74c12a8aca.xml
15624865,/data/provider/renet/2017-09-28/19/1026_2017-09-28_20-53-49_59ccd4bdaf87a.xml
18123465,/data/provider/renet/2017-09-12/11/627_2017-09-12_12-53-06_59b74c12a8aca.xml
18958935,/data/provider/renet/2017-09-26/07/615-185_2017-09-26_08-55-37_59c989690f46a.xml
16538785,/data/provider/renet/2017-09-19/19/627_2017-09-19_20-53-03_59c0f70f694ce.xml
6713483,/data/provider/renet/2017-09-18/15/627_2017-09-18_16-53-09_59bf6d55287e4.xml
7855843,/data/provider/renet/2017-09-22/15/10019903_2017-09-22_17-01-02_59c4b52ed0af8.xml
18064505,/data/provider/renet/2017-09-26/23/1026_2017-09-27_00-53-47_59ca69fb6a661.xml
16751485,/data/provider/renet/2017-09-29/19/1026_2017-09-29_20-53-51_59ce263f3ea69.xml
14290395,/data/provider/renet/2017-09-15/19/1026_2017-09-15_20-54-00_59bbb1480e7bc.xml
18342115,/data/provider/renet/2017-09-20/15/10014772_2017-09-20_16-56-32_59c2112070ed6.xml
10383893,/data/provider/renet/2017-09-25/15/1026_2017-09-25_16-55-23_59c8a85bbfc3c.xml
16160145,/data/provider/renet/2017-09-25/07/1026_2017-09-25_08-53-57_59c83785cd2d1.xml
16261715,/data/provider/renet/2017-09-15/15/627_2017-09-15_16-53-04_59bb78d0878a8.xml
3614952,/data/provider/renet/2017-09-11/23/1026_2017-09-12_00-53-54_59b6a3820ae6d.xml
18654435,/data/provider/renet/2017-09-25/07/10014772_2017-09-25_08-54-31_59c837a75e401.xml
17865785,/data/provider/renet/2017-09-18/11/2085_2017-09-18_12-54-18_59bf355a7bbce.xml
17761055,/data/provider/renet/2017-09-14/11/71-212_2017-09-14_12-54-52_59b9ef7cc12db.xml
18901185,/data/provider/renet/2017-09-22/15/627_2017-09-22_16-53-20_59c4b360b75ba.xml
18184005,/data/provider/renet/2017-09-27/11/71-334_2017-09-27_12-55-35_59cb13270c405.xml
18933155,/data/provider/renet/2017-09-27/07/71-212_2017-09-27_08-54-11_59cada939cfce.xml
18976655,/data/provider/renet/2017-09-25/15/71-328_2017-09-25_16-59-50_59c8a966211e0.xml
18784875,/data/provider/renet/2017-09-27/11/627_2017-09-27_12-53-11_59cb12971e149.xml
18978325,/data/provider/renet/2017-09-21/11/71-328_2017-09-21_12-58-00_59c32ab8ed456.xml
18898685,/data/provider/renet/2017-09-25/07/71-212_2017-09-25_08-54-05_59c8378d2df26.xml
13482725,/data/provider/renet/2017-09-25/11/10016383_2017-09-25_12-57-56_59c870b43d62c.xml
18741255,/data/provider/renet/2017-09-28/19/10060825_2017-09-28_20-55-46_59ccd53249dd4.xml
18496325,/data/provider/renet/2017-09-15/03/10062756_2017-09-15_04-53-37_59bad031adc51.xml
9427573,/data/provider/renet/2017-09-25/15/627_2017-09-25_16-53-11_59c8a7d761306.xml
12808313,/data/provider/renet/2017-09-19/15/627_2017-09-19_16-53-08_59c0bed4c2cbd.xml
14114625,/data/provider/renet/2017-09-18/11/2085_2017-09-18_12-54-28_59bf35645c1b5.xml
18141915,/data/provider/renet/2017-09-25/07/23458_2017-09-25_08-54-00_59c837886063d.xml
18625485,/data/provider/renet/2017-09-25/15/71-212_2017-09-25_16-55-45_59c8a871cab82.xml
18980685,/data/provider/renet/2017-09-21/15/615-185_2017-09-21_16-59-47_59c363634632a.xml
16502735,/data/provider/renet/2017-09-14/15/627_2017-09-14_16-53-12_59ba27585e532.xml
17664455,/data/provider/renet/2017-09-18/19/10062756_2017-09-18_20-56-34_59bfa66255036.xml
14626755,/data/provider/renet/2017-09-19/15/627_2017-09-19_16-53-08_59c0bed4c2cbd.xml
18491715,/data/provider/renet/2017-09-11/15/71-328_2017-09-11_16-58-57_59b6343176bdc.xml
18897155,/data/provider/renet/2017-09-29/11/627_2017-09-29_12-53-06_59cdb592194be.xml
3234483,/data/provider/renet/2017-09-12/11/627_2017-09-12_12-53-06_59b74c12a8aca.xml
16996245,/data/provider/renet/2017-09-16/11/627_2017-09-16_12-53-07_59bc9213121f0.xml
17439555,/data/provider/renet/2017-09-27/23/1026_2017-09-28_00-53-32_59cbbb6cf3b14.xml
10995343,/data/provider/renet/2017-09-26/15/1026_2017-09-26_16-54-32_59c9f9a864019.xml
14168685,/data/provider/renet/2017-09-22/15/10019903_2017-09-22_17-01-02_59c4b52ed0af8.xml
11025593,/data/provider/renet/2017-09-25/19/1026_2017-09-25_20-54-21_59c8e05da0c08.xml
6621313,/data/provider/renet/2017-09-26/19/1026_2017-09-26_20-54-12_59ca31d4e2b63.xml
17580785,/data/provider/renet/2017-09-18/15/1026_2017-09-18_16-54-43_59bf6db3773d6.xml
14857805,/data/provider/renet/2017-09-22/15/10019903_2017-09-22_17-01-02_59c4b52ed0af8.xml
18923705,/data/provider/renet/2017-09-22/07/71-307_2017-09-22_08-55-17_59c443551a41f.xml
3923052,/data/provider/renet/2017-09-27/23/1026_2017-09-28_00-53-32_59cbbb6cf3b14.xml
10591423,/data/provider/renet/2017-09-26/11/1026_2017-09-26_12-54-37_59c9c16d1d787.xml
18156105,/data/provider/renet/2017-09-23/07/10014772_2017-09-23_08-54-23_59c5949f3892f.xml
8100753,/data/provider/renet/2017-09-22/15/10019903_2017-09-22_17-01-02_59c4b52ed0af8.xml
18342855,/data/provider/renet/2017-09-13/07/3965_2017-09-13_08-53-50_59b8657e58af5.xml
9150053,/data/provider/renet/2017-09-26/15/1026_2017-09-26_16-54-32_59c9f9a864019.xml
18121415,/data/provider/renet/2017-09-20/11/1026_2017-09-20_12-54-37_59c1d86d7c34e.xml
18833075,/data/provider/renet/2017-09-28/07/71-328_2017-09-28_08-54-47_59cc2c377369a.xml
18461625,/data/provider/renet/2017-09-28/11/71-336_2017-09-28_12-56-39_59cc64e7b2e49.xml
16273505,/data/provider/renet/2017-09-27/19/1026_2017-09-27_20-53-50_59cb833e19475.xml
18462385,/data/provider/renet/2017-09-13/11/10015302_2017-09-13_12-56-30_59b89e5ec5807.xml
18797135,/data/provider/renet/2017-09-26/07/10022763_2017-09-26_08-54-47_59c98937d4c1e.xml
18834675,/data/provider/renet/2017-09-14/15/10051276_2017-09-14_16-57-52_59ba28703a935.xml
11590783,/data/provider/renet/2017-09-26/15/1026_2017-09-26_16-54-32_59c9f9a864019.xml
18007235,/data/provider/renet/2017-09-29/11/627_2017-09-29_12-53-06_59cdb592194be.xml
14856325,/data/provider/renet/2017-09-28/19/1026_2017-09-28_20-53-49_59ccd4bdaf87a.xml
157576,/data/provider/renet/2017-09-28/23/627_2017-09-29_00-53-03_59cd0ccfa9bbd.xml
4294932,/data/provider/renet/2017-09-30/07/627_2017-09-30_08-53-04_59ceced06b2b8.xml
10588533,/data/provider/renet/2017-09-26/11/1026_2017-09-26_12-54-37_59c9c16d1d787.xml
11868943,/data/provider/renet/2017-09-11/15/627_2017-09-11_16-53-13_59b632d9bcbdc.xml
17266225,/data/provider/renet/2017-09-13/15/627_2017-09-13_16-53-11_59b8d5d762b34.xml
18490575,/data/provider/renet/2017-09-11/15/1026_2017-09-11_16-54-37_59b6332d50f91.xml
18440275,/data/provider/renet/2017-09-13/15/627_2017-09-13_16-53-11_59b8d5d762b34.xml
8832613,/data/provider/renet/2017-09-22/15/10019903_2017-09-22_17-01-02_59c4b52ed0af8.xml
18918425,/data/provider/renet/2017-09-27/11/615-185_2017-09-27_12-57-05_59cb1381342fe.xml
14118565,/data/provider/renet/2017-09-14/07/2085_2017-09-14_08-53-27_59b9b6e791fab.xml
18250635,/data/provider/renet/2017-09-28/19/1026_2017-09-28_20-53-49_59ccd4bdaf87a.xml
18815895,/data/provider/renet/2017-09-21/11/71-328_2017-09-21_12-58-00_59c32ab8ed456.xml
18689555,/data/provider/renet/2017-09-18/23/ZZZZZZZZZ_2017-09-19_00-53-02_59bfddce9c1b9.xml
14471895,/data/provider/renet/2017-09-29/15/10014772_2017-09-29_16-55-32_59cdee6412203.xml
15536915,/data/provider/renet/2017-09-13/15/1026_2017-09-13_16-54-38_59b8d62e74e1c.xml
13800825,/data/provider/renet/2017-09-18/11/627_2017-09-18_12-53-09_59bf351600078.xml
16145105,/data/provider/renet/2017-09-14/11/627_2017-09-14_12-53-07_59b9ef136ae2a.xml
18106055,/data/provider/renet/2017-09-14/15/10014772_2017-09-14_16-56-33_59ba28217460f.xml
17453295,/data/provider/renet/2017-09-11/19/2085_2017-09-11_20-53-18_59b66b1ed0205.xml
9135053,/data/provider/renet/2017-09-24/07/10014772_2017-09-24_08-54-02_59c6e60a878b6.xml
16407165,/data/provider/renet/2017-09-25/15/1026_2017-09-25_16-55-23_59c8a85bbfc3c.xml
18943985,/data/provider/renet/2017-09-26/11/10059405_2017-09-26_12-58-02_59c9c23a0eae7.xml
8383553,/data/provider/renet/2017-09-22/15/10019903_2017-09-22_17-01-02_59c4b52ed0af8.xml
18617725,/data/provider/renet/2017-09-26/15/1026_2017-09-26_16-54-32_59c9f9a864019.xml
12606013,/data/provider/renet/2017-09-20/15/10014772_2017-09-20_16-56-32_59c2112070ed6.xml
13273365,/data/provider/renet/2017-09-25/15/627_2017-09-25_16-53-11_59c8a7d761306.xml
12147423,/data/provider/renet/2017-09-26/15/1026_2017-09-26_16-54-32_59c9f9a864019.xml
18875445,/data/provider/renet/2017-09-11/15/10015302_2017-09-11_16-56-45_59b633ad348da.xml
17236945,/data/provider/renet/2017-09-19/23/1026_2017-09-20_00-53-47_59c12f7b327f6.xml
18698045,/data/provider/renet/2017-09-25/07/71-212_2017-09-25_08-54-05_59c8378d2df26.xml
15419585,/data/provider/renet/2017-09-13/15/627_2017-09-13_16-53-11_59b8d5d762b34.xml
18060615,/data/provider/renet/2017-09-14/15/1026_2017-09-14_16-54-49_59ba27b9587e1.xml
18809585,/data/provider/renet/2017-09-27/11/627_2017-09-27_12-53-11_59cb12971e149.xml
13889075,/data/provider/renet/2017-09-25/11/627_2017-09-25_12-53-10_59c86f96ba051.xml
14315095,/data/provider/renet/2017-09-29/15/627_2017-09-29_16-53-06_59cdedd2df48a.xml
18673525,/data/provider/renet/2017-09-27/15/71-333_2017-09-27_16-55-32_59cb4b64864f5.xml
17552615,/data/provider/renet/2017-09-27/15/627_2017-09-27_16-53-07_59cb4ad3e662e.xml
11826283,/data/provider/renet/2017-09-26/11/6794_2017-09-26_12-55-14_59c9c192317b1.xml
9907983,/data/provider/renet/2017-09-13/15/627_2017-09-13_16-53-11_59b8d5d762b34.xml
16515035,/data/provider/renet/2017-09-26/11/71-212_2017-09-26_12-54-52_59c9c17c094b9.xml
18956055,/data/provider/renet/2017-09-29/15/627_2017-09-29_16-53-06_59cdedd2df48a.xml
16207845,/data/provider/renet/2017-09-28/07/10005182_2017-09-28_08-54-06_59cc2c0e6196d.xml
15709805,/data/provider/renet/2017-09-13/15/1026_2017-09-13_16-54-38_59b8d62e74e1c.xml
432452,/data/provider/renet/2017-09-30/07/627_2017-09-30_08-53-04_59ceced06b2b8.xml
15311295,/data/provider/renet/2017-09-29/11/627_2017-09-29_12-53-06_59cdb592194be.xml
18668305,/data/provider/renet/2017-09-25/19/1026_2017-09-25_20-54-21_59c8e05da0c08.xml
18516205,/data/provider/renet/2017-09-28/11/627_2017-09-28_12-53-08_59cc6414ae1c2.xml
18994465,/data/provider/renet/2017-09-29/19/71-336_2017-09-29_20-55-13_59ce2691ea5c2.xml
18893245,/data/provider/renet/2017-09-25/11/627_2017-09-25_12-53-10_59c86f96ba051.xml
18424495,/data/provider/renet/2017-09-13/11/10015302_2017-09-13_12-56-30_59b89e5ec5807.xml
18454035,/data/provider/renet/2017-09-15/15/627_2017-09-15_16-53-04_59bb78d0878a8.xml
17308535,/data/provider/renet/2017-09-25/11/2085_2017-09-25_12-54-20_59c86fdca89e4.xml
16769835,/data/provider/renet/2017-09-26/11/1026_2017-09-26_12-54-37_59c9c16d1d787.xml
17953435,/data/provider/renet/2017-09-25/15/627_2017-09-25_16-53-11_59c8a7d761306.xml
16261935,/data/provider/renet/2017-09-25/07/1026_2017-09-25_08-53-57_59c83785cd2d1.xml
18889285,/data/provider/renet/2017-09-29/15/1026_2017-09-29_16-54-10_59cdee12225ee.xml
258736,/data/provider/renet/2017-09-28/11/1026_2017-09-28_12-54-16_59cc645837091.xml
18360305,/data/provider/renet/2017-09-18/15/10059405_2017-09-18_16-58-13_59bf6e85d06c7.xml
11845473,/data/provider/renet/2017-09-15/07/2085_2017-09-15_08-53-05_59bb0851a2fe2.xml
14084835,/data/provider/renet/2017-09-27/23/1026_2017-09-28_00-53-32_59cbbb6cf3b14.xml
7608723,/data/provider/renet/2017-09-26/15/1026_2017-09-26_16-54-32_59c9f9a864019.xml
13501945,/data/provider/renet/2017-09-19/11/10016383_2017-09-19_12-58-48_59c087e83e2ce.xml
10946633,/data/provider/renet/2017-09-26/11/1026_2017-09-26_12-54-37_59c9c16d1d787.xml
18614665,/data/provider/renet/2017-09-23/11/1026_2017-09-23_12-54-19_59c5ccdb4fce4.xml
17909325,/data/provider/renet/2017-09-28/11/627_2017-09-28_12-53-08_59cc6414ae1c2.xml
6351943,/data/provider/renet/2017-09-27/15/10005182_2017-09-27_16-55-18_59cb4b5660534.xml
16857155,/data/provider/renet/2017-09-12/15/1026_2017-09-12_16-54-33_59b784a99c8c2.xml
18968615,/data/provider/renet/2017-09-19/15/1026_2017-09-19_16-54-37_59c0bf2da2c15.xml
17262425,/data/provider/renet/2017-09-22/07/6741_2017-09-22_08-54-11_59c443133e955.xml
18718105,/data/provider/renet/2017-09-29/11/71-336_2017-09-29_12-57-04_59cdb6802eaed.xml
18617875,/data/provider/renet/2017-09-27/11/71-333_2017-09-27_12-55-36_59cb1328de2fa.xml
4507272,/data/provider/renet/2017-09-25/11/627_2017-09-25_12-53-10_59c86f96ba051.xml
16065775,/data/provider/renet/2017-09-18/15/6794_2017-09-18_16-55-20_59bf6dd81c4e8.xml
14607215,/data/provider/renet/2017-09-11/15/1026_2017-09-11_16-54-37_59b6332d50f91.xml
18720175,/data/provider/renet/2017-09-27/15/1026_2017-09-27_16-54-21_59cb4b1db1e99.xml
11244943,/data/provider/renet/2017-09-21/11/627_2017-09-21_12-53-12_59c329980d457.xml
17956475,/data/provider/renet/2017-09-25/07/71-212_2017-09-25_08-54-05_59c8378d2df26.xml
18011035,/data/provider/renet/2017-09-27/15/627_2017-09-27_16-53-07_59cb4ad3e662e.xml
6087192,/data/provider/renet/2017-09-12/11/627_2017-09-12_12-53-06_59b74c12a8aca.xml
18834875,/data/provider/renet/2017-09-29/19/71-334_2017-09-29_20-54-23_59ce265f45823.xml
18968595,/data/provider/renet/2017-09-26/11/1026_2017-09-26_12-54-37_59c9c16d1d787.xml
17269375,/data/provider/renet/2017-09-12/11/627_2017-09-12_12-53-06_59b74c12a8aca.xml
4942192,/data/provider/renet/2017-09-26/11/627_2017-09-26_12-53-10_59c9c11670a8e.xml
15311325,/data/provider/renet/2017-09-27/11/627_2017-09-27_12-53-11_59cb12971e149.xml
13069833,/data/provider/renet/2017-09-13/15/627_2017-09-13_16-53-11_59b8d5d762b34.xml
18831825,/data/provider/renet/2017-09-25/15/627_2017-09-25_16-53-11_59c8a7d761306.xml
17540755,/data/provider/renet/2017-09-25/15/1026_2017-09-25_16-55-23_59c8a85bbfc3c.xml
14710025,/data/provider/renet/2017-09-29/15/1026_2017-09-29_16-54-10_59cdee12225ee.xml
16392695,/data/provider/renet/2017-09-25/07/615-125_2017-09-25_08-54-48_59c837b8e1ce7.xml
15475655,/data/provider/renet/2017-09-13/15/627_2017-09-13_16-53-11_59b8d5d762b34.xml
16392685,/data/provider/renet/2017-09-25/07/615-125_2017-09-25_08-54-48_59c837b8e1ce7.xml
18151155,/data/provider/renet/2017-09-18/07/10005182_2017-09-18_08-54-35_59befd2bf2999.xml
18503935,/data/provider/renet/2017-09-13/11/10065085_2017-09-13_12-59-02_59b89ef6effe8.xml
11011693,/data/provider/renet/2017-09-25/07/1026_2017-09-25_08-53-57_59c83785cd2d1.xml
17487765,/data/provider/renet/2017-09-26/15/10015302_2017-09-26_16-56-17_59c9fa11b5e81.xml
15579535,/data/provider/renet/2017-09-22/15/1026_2017-09-22_16-56-17_59c4b411173dd.xml
17018215,/data/provider/renet/2017-09-29/11/627_2017-09-29_12-53-06_59cdb592194be.xml
18889195,/data/provider/renet/2017-09-29/11/1026_2017-09-29_12-54-05_59cdb5cdae2aa.xml
18957505,/data/provider/renet/2017-09-26/07/615-185_2017-09-26_08-55-37_59c989690f46a.xml
14440805,/data/provider/renet/2017-09-22/11/10014772_2017-09-22_12-56-15_59c47bcfd4dd5.xml
18978065,/data/provider/renet/2017-09-25/15/71-328_2017-09-25_16-59-50_59c8a966211e0.xml
18811365,/data/provider/renet/2017-09-15/11/627_2017-09-15_12-53-07_59bb4093c5d00.xml
16308925,/data/provider/renet/2017-09-28/03/2085_2017-09-28_04-53-10_59cbf3960c65a.xml
2379462,/data/provider/renet/2017-09-12/15/627_2017-09-12_16-53-07_59b78453f3752.xml
18986325,/data/provider/renet/2017-09-29/07/10062756_2017-09-29_08-54-34_59cd7daae7736.xml
11054433,/data/provider/renet/2017-09-18/07/615-160_2017-09-18_08-55-10_59befd4e78308.xml
